bodyPart,equipment,gifUrl,id,name,target
waist,body weight,https://gymvisual.com/img/p/4/7/3/1/4731.gif,1,3/4 sit-up,abs
waist,body weight,https://gymvisual.com/img/p/3/2/4/0/6/32406.gif,3,air bike,abs
upper legs,body weight,https://gymvisual.com/img/p/2/1/7/4/6/21746.gif,1512,all fours squad stretch,quads
waist,body weight,https://gymvisual.com/img/p/1/7/3/2/0/17320.gif,6,alternate heel touchers,abs
back,cable,https://gymvisual.com/img/p/4/7/3/8/4738.gif,7,alternate lateral pulldown,lats
lower legs,body weight,https://gymvisual.com/img/p/2/1/5/1/8/21518.gif,1368,ankle circles,calves
waist,body weight,https://gymvisual.com/img/p/1/0/2/8/4/10284.gif,2355,arm slingers hanging bent knee legs,abs
waist,body weight,https://gymvisual.com/img/p/1/0/1/6/5/10165.gif,2333,arm slingers hanging straight legs,abs
upper legs,body weight,https://gymvisual.com/img/p/1/2/9/3/8/12938.gif,3214,arms apart circular toe touch (male),glutes
waist,body weight,https://gymvisual.com/img/p/1/2/9/2/8/12928.gif,3204,arms overhead full sit-up (male),abs
chest,leverage machine,https://gymvisual.com/img/p/1/0/7/0/1/10701.gif,9,assisted chest dip (kneeling),pectorals
waist,assisted,https://gymvisual.com/img/p/4/7/4/1/4741.gif,11,assisted hanging knee raise,abs
waist,assisted,https://gymvisual.com/img/p/4/7/4/1/4741.gif,10,assisted hanging knee raise with throw down,abs
upper legs,assisted,https://gymvisual.com/img/p/7/4/2/5/7425.gif,1710,assisted lying gluteus and piriformis stretch,glutes
waist,assisted,https://gymvisual.com/img/p/4/7/4/3/4743.gif,12,assisted lying leg raise with lateral throw down,abs
waist,assisted,https://gymvisual.com/img/p/4/7/4/4/4744.gif,13,assisted lying leg raise with throw down,abs
waist,medicine ball,https://gymvisual.com/img/p/4/7/4/5/4745.gif,14,assisted motion russian twist,abs
upper legs,assisted,https://gymvisual.com/img/p/4/7/4/7/4747.gif,16,assisted prone hamstring,hamstrings
waist,assisted,https://gymvisual.com/img/p/7/4/2/8/7428.gif,1714,assisted prone rectus femoris stretch,abs
back,leverage machine,https://gymvisual.com/img/p/1/8/4/0/4/18404.gif,17,assisted pull-up,lats
chest,assisted,https://gymvisual.com/img/p/7/4/2/9/7429.gif,1716,assisted seated pectoralis major stretch with stability ball,pectorals
upper legs,assisted,https://gymvisual.com/img/p/7/4/2/6/7426.gif,1712,assisted side lying adductor stretch,adductors
waist,assisted,https://gymvisual.com/img/p/7/5/6/5/7565.gif,1758,assisted sit-up,abs
back,leverage machine,https://gymvisual.com/img/p/6/3/3/5/6335.gif,1431,assisted standing chin-up,lats
back,leverage machine,https://gymvisual.com/img/p/6/3/3/6/6336.gif,1432,assisted standing pull-up,lats
upper arms,assisted,https://gymvisual.com/img/p/4/7/4/9/4749.gif,18,assisted standing triceps extension (with towel),triceps
upper arms,leverage machine,https://gymvisual.com/img/p/1/1/6/8/4/11684.gif,19,assisted triceps dip (kneeling),triceps
cardio,body weight,https://gymvisual.com/img/p/1/2/9/4/4/12944.gif,3220,astride jumps (male),cardiovascular system
cardio,body weight,https://gymvisual.com/img/p/1/4/7/5/4/14754.gif,3672,back and forth step,cardiovascular system
back,stability ball,https://gymvisual.com/img/p/6/5/8/1/6581.gif,1314,back extension on exercise ball,spine
back,body weight,https://gymvisual.com/img/p/1/3/1/4/6/13146.gif,3297,back lever,upper back
back,body weight,https://gymvisual.com/img/p/2/1/7/4/8/21748.gif,1405,back pec stretch,lats
upper legs,body weight,https://gymvisual.com/img/p/6/7/0/8/6708.gif,1473,backward jump,quads
upper legs,body weight,https://gymvisual.com/img/p/2/9/3/0/5/29305.gif,20,balance board,quads
upper arms,band,https://gymvisual.com/img/p/5/6/8/1/5681.gif,968,band alternating biceps curl,biceps
back,band,https://gymvisual.com/img/p/1/8/4/0/4/18404.gif,970,band assisted pull-up,lats
chest,band,https://gymvisual.com/img/p/6/9/6/4/6964.gif,1254,band bench press,pectorals
waist,band,https://gymvisual.com/img/p/5/6/8/5/5685.gif,972,band bicycle crunch,abs
upper arms,band,https://gymvisual.com/img/p/5/6/8/9/5689.gif,976,band concentration curl,biceps
back,band,https://gymvisual.com/img/p/1/2/4/5/3/12453.gif,3117,band fixed back close grip pulldown,lats
back,band,https://gymvisual.com/img/p/1/2/4/5/2/12452.gif,3116,band fixed back underhand pulldown,lats
shoulders,band,https://gymvisual.com/img/p/1/8/4/9/2/18492.gif,977,band front lateral raise,delts
waist,band,https://gymvisual.com/img/p/1/7/6/4/4/17644.gif,979,band horizontal pallof press,abs
back,band,https://gymvisual.com/img/p/1/8/4/0/2/18402.gif,983,band kneeling one arm pulldown,lats
waist,band,https://gymvisual.com/img/p/5/6/9/8/5698.gif,985,band kneeling twisting crunch,abs
upper legs,band,https://gymvisual.com/img/p/1/4/8/6/8/14868.gif,984,band lying hip internal rotation,glutes
waist,band,https://gymvisual.com/img/p/5/7/1/5/5715.gif,1002,band lying straight leg raise,abs
upper arms,band,https://gymvisual.com/img/p/5/6/9/9/5699.gif,986,band one arm overhead biceps curl,biceps
upper legs,band,https://gymvisual.com/img/p/5/7/0/0/5700.gif,987,band one arm single leg split squat,quads
back,band,https://gymvisual.com/img/p/5/7/0/1/5701.gif,988,band one arm standing low row,upper back
chest,band,https://gymvisual.com/img/p/5/7/0/2/5702.gif,989,band one arm twisting chest press,pectorals
back,band,https://gymvisual.com/img/p/1/8/4/0/3/18403.gif,990,band one arm twisting seated row,upper back
upper legs,band,https://gymvisual.com/img/p/2/5/8/3/5/25835.gif,991,band pull through,glutes
shoulders,band,https://gymvisual.com/img/p/5/7/0/6/5706.gif,993,band reverse fly,delts
lower arms,band,https://gymvisual.com/img/p/5/7/0/7/5707.gif,994,band reverse wrist curl,forearms
upper legs,band,https://gymvisual.com/img/p/5/7/0/9/5709.gif,996,band seated hip internal rotation,glutes
waist,band,https://gymvisual.com/img/p/1/1/6/2/7/11627.gif,1011,band seated twist,abs
shoulders,band,https://gymvisual.com/img/p/5/7/1/0/5710.gif,997,band shoulder press,delts
back,band,https://gymvisual.com/img/p/5/7/3/1/5731.gif,1018,band shrug,traps
upper arms,band,https://gymvisual.com/img/p/5/7/1/1/5711.gif,998,band side triceps extension,triceps
lower legs,band,https://gymvisual.com/img/p/5/7/1/2/5712.gif,999,band single leg calf raise,calves
lower legs,band,https://gymvisual.com/img/p/5/7/1/3/5713.gif,1000,band single leg reverse calf raise,calves
upper legs,band,https://gymvisual.com/img/p/5/7/1/4/5714.gif,1001,band single leg split squat,quads
upper legs,band,https://gymvisual.com/img/p/3/2/3/8/8/32388.gif,1004,band squat,glutes
upper legs,band,https://gymvisual.com/img/p/5/7/1/6/5716.gif,1003,band squat row,glutes
waist,band,https://gymvisual.com/img/p/1/8/3/9/9/18399.gif,1005,band standing crunch,abs
shoulders,band,https://gymvisual.com/img/p/1/8/4/9/3/18493.gif,1022,band standing rear delt row,delts
waist,band,https://gymvisual.com/img/p/5/7/2/0/5720.gif,1007,band standing twisting crunch,abs
upper legs,band,https://gymvisual.com/img/p/5/7/2/2/5722.gif,1009,band stiff leg deadlift,glutes
upper legs,band,https://gymvisual.com/img/p/5/7/3/6/5736.gif,1023,band straight back stiff leg deadlift,glutes
back,band,https://gymvisual.com/img/p/5/7/2/3/5723.gif,1010,band straight leg deadlift,spine
shoulders,band,https://gymvisual.com/img/p/5/7/2/5/5725.gif,1012,band twisting overhead press,delts
back,band,https://gymvisual.com/img/p/5/7/2/6/5726.gif,1013,band underhand pulldown,lats
waist,band,https://gymvisual.com/img/p/5/7/2/8/5728.gif,1015,band vertical pallof press,abs
lower arms,band,https://gymvisual.com/img/p/5/7/2/9/5729.gif,1016,band wrist curl,forearms
upper arms,barbell,https://gymvisual.com/img/p/4/7/5/4/4754.gif,23,barbell alternate biceps curl,biceps
upper legs,barbell,https://gymvisual.com/img/p/1/4/8/7/0/14870.gif,24,barbell bench front squat,quads
chest,barbell,https://gymvisual.com/img/p/2/9/6/9/9/29699.gif,25,barbell bench press,pectorals
upper legs,barbell,https://gymvisual.com/img/p/8/9/1/7/8917.gif,26,barbell bench squat,quads
back,barbell,https://gymvisual.com/img/p/3/3/0/9/8/33098.gif,1316,barbell bent arm pullover,lats
back,barbell,https://gymvisual.com/img/p/8/9/3/4/8934.gif,27,barbell bent over row,upper back
upper arms,barbell,https://gymvisual.com/img/p/1/0/4/7/4/10474.gif,2407,barbell biceps curl (with arm blaster),biceps
upper legs,barbell,https://gymvisual.com/img/p/1/6/9/1/0/16910.gif,28,barbell clean and press,quads
upper arms,barbell,https://gymvisual.com/img/p/2/6/2/4/9/26249.gif,31,barbell curl,biceps
upper legs,barbell,https://gymvisual.com/img/p/2/9/2/7/2/29272.gif,32,barbell deadlift,glutes
chest,barbell,https://gymvisual.com/img/p/1/1/6/3/3/11633.gif,33,barbell decline bench press,pectorals
back,barbell,https://gymvisual.com/img/p/4/7/6/5/4765.gif,34,barbell decline bent arm pullover,lats
upper arms,barbell,https://gymvisual.com/img/p/1/4/8/7/1/14871.gif,35,barbell decline close grip to skull press,triceps
chest,barbell,https://gymvisual.com/img/p/6/5/2/2/6522.gif,1255,barbell decline pullover,pectorals
upper arms,barbell,https://gymvisual.com/img/p/1/4/8/7/2/14872.gif,38,barbell drag curl,biceps
lower legs,barbell,https://gymvisual.com/img/p/6/6/3/3/6633.gif,1370,barbell floor calf raise,calves
upper legs,barbell,https://gymvisual.com/img/p/1/8/4/2/5/18425.gif,39,barbell front chest squat,glutes
shoulders,barbell,https://gymvisual.com/img/p/1/1/6/3/9/11639.gif,41,barbell front raise,delts
chest,barbell,https://gymvisual.com/img/p/4/7/7/1/4771.gif,40,barbell front raise and pullover,pectorals
upper legs,barbell,https://gymvisual.com/img/p/6/6/9/7/6697.gif,43,barbell full squat,glutes
upper legs,barbell,https://gymvisual.com/img/p/6/6/9/6/6696.gif,1461,barbell full squat (back pov),glutes
upper legs,barbell,https://gymvisual.com/img/p/6/6/9/7/6697.gif,1462,barbell full squat (side pov),glutes
upper legs,barbell,https://gymvisual.com/img/p/1/0/0/9/3/10093.gif,1545,barbell full zercher squat,glutes
upper legs,barbell,https://gymvisual.com/img/p/1/4/1/5/8/14158.gif,1409,barbell glute bridge,glutes
upper legs,barbell,https://gymvisual.com/img/p/1/4/1/5/8/14158.gif,3562,barbell glute bridge two legs on bench (male),glutes
upper legs,barbell,https://gymvisual.com/img/p/8/9/0/7/8907.gif,44,barbell good morning,hamstrings
chest,barbell,https://gymvisual.com/img/p/4/7/7/6/4776.gif,45,barbell guillotine bench press,pectorals
upper legs,barbell,https://gymvisual.com/img/p/1/1/7/3/9/11739.gif,46,barbell hack squat,glutes
upper legs,barbell,https://gymvisual.com/img/p/6/3/4/0/6340.gif,1436,barbell high bar squat,glutes
chest,barbell,https://gymvisual.com/img/p/1/0/3/9/8/10398.gif,47,barbell incline bench press,pectorals
upper arms,barbell,https://gymvisual.com/img/p/1/1/6/7/9/11679.gif,1719,barbell incline close grip bench press,triceps
back,barbell,https://gymvisual.com/img/p/1/1/6/6/3/11663.gif,49,barbell incline row,upper back
chest,barbell,https://gymvisual.com/img/p/4/7/8/1/4781.gif,50,barbell incline shoulder raise,serratus anterior
upper legs,barbell,https://gymvisual.com/img/p/1/4/7/3/0/14730.gif,51,barbell jefferson squat,glutes
upper arms,barbell,https://gymvisual.com/img/p/1/4/8/7/3/14873.gif,52,barbell jm bench press,triceps
upper legs,barbell,https://gymvisual.com/img/p/4/7/8/4/4784.gif,53,barbell jump squat,glutes
upper legs,barbell,https://gymvisual.com/img/p/8/9/2/0/8920.gif,1410,barbell lateral lunge,glutes
upper legs,barbell,https://gymvisual.com/img/p/9/2/0/5/9205.gif,1435,barbell low bar squat,glutes
upper legs,barbell,https://gymvisual.com/img/p/1/1/6/4/0/11640.gif,54,barbell lunge,glutes
upper arms,barbell,https://gymvisual.com/img/p/7/5/2/4/7524.gif,1720,barbell lying back of the head tricep extension,triceps
upper arms,barbell,https://gymvisual.com/img/p/4/7/8/8/4788.gif,57,barbell lying extension,triceps
upper legs,barbell,https://gymvisual.com/img/p/4/7/8/9/4789.gif,58,barbell lying lifting (on hip),glutes
upper arms,barbell,https://gymvisual.com/img/p/4/7/9/0/4790.gif,59,barbell lying preacher curl,biceps
upper arms,barbell,https://gymvisual.com/img/p/1/6/9/0/8/16908.gif,61,barbell lying triceps extension,triceps
upper arms,barbell,https://gymvisual.com/img/p/1/8/2/4/3/18243.gif,60,barbell lying triceps extension skull crusher,triceps
upper legs,barbell,https://gymvisual.com/img/p/2/4/9/6/4/24964.gif,63,barbell narrow stance squat,glutes
back,barbell,https://gymvisual.com/img/p/4/7/9/5/4795.gif,64,barbell one arm bent over row,upper back
upper arms,barbell,https://gymvisual.com/img/p/4/7/9/6/4796.gif,65,barbell one arm floor press,triceps
upper legs,barbell,https://gymvisual.com/img/p/2/0/4/6/1/20461.gif,66,barbell one arm side deadlift,glutes
shoulders,barbell,https://gymvisual.com/img/p/4/7/9/8/4798.gif,67,barbell one arm snatch,delts
upper legs,barbell,https://gymvisual.com/img/p/4/7/9/9/4799.gif,68,barbell one leg squat,quads
upper legs,barbell,https://gymvisual.com/img/p/3/3/2/0/2/33202.gif,69,barbell overhead squat,quads
lower arms,barbell,https://gymvisual.com/img/p/1/1/7/7/1/11771.gif,1411,barbell palms down wrist curl over a bench,forearms
lower arms,barbell,https://gymvisual.com/img/p/1/1/7/7/2/11772.gif,1412,barbell palms up wrist curl over a bench,forearms
back,barbell,https://gymvisual.com/img/p/1/2/4/4/8/12448.gif,3017,barbell pendlay row,upper back
upper arms,barbell,https://gymvisual.com/img/p/7/5/5/5/7555.gif,1751,barbell pin presses,triceps
upper arms,barbell,https://gymvisual.com/img/p/2/8/4/1/0/28410.gif,70,barbell preacher curl,biceps
upper arms,barbell,https://gymvisual.com/img/p/1/1/6/6/6/11666.gif,72,barbell prone incline curl,biceps
back,barbell,https://gymvisual.com/img/p/2/1/6/0/6/21606.gif,73,barbell pullover,lats
back,barbell,https://gymvisual.com/img/p/2/3/5/4/4/23544.gif,22,barbell pullover to press,lats
upper legs,barbell,https://gymvisual.com/img/p/1/3/1/3/4/13134.gif,74,barbell rack pull,glutes
shoulders,barbell,https://gymvisual.com/img/p/1/1/7/3/8/11738.gif,75,barbell rear delt raise,delts
shoulders,barbell,https://gymvisual.com/img/p/4/8/0/7/4807.gif,76,barbell rear delt row,delts
upper legs,barbell,https://gymvisual.com/img/p/8/9/1/8/8918.gif,78,barbell rear lunge,glutes
upper arms,barbell,https://gymvisual.com/img/p/1/1/6/4/1/11641.gif,80,barbell reverse curl,biceps
back,barbell,https://gymvisual.com/img/p/1/0/6/4/1/10641.gif,118,barbell reverse grip bent over row,upper back
chest,barbell,https://gymvisual.com/img/p/6/5/2/4/6524.gif,1257,barbell reverse grip incline bench press,pectorals
back,barbell,https://gymvisual.com/img/p/6/5/8/3/6583.gif,1317,barbell reverse grip incline bench row,upper back
upper arms,barbell,https://gymvisual.com/img/p/7/5/2/5/7525.gif,1721,barbell reverse grip skullcrusher,triceps
upper arms,barbell,https://gymvisual.com/img/p/1/1/6/6/8/11668.gif,81,barbell reverse preacher curl,biceps
lower arms,barbell,https://gymvisual.com/img/p/1/4/8/7/4/14874.gif,82,barbell reverse wrist curl,forearms
upper legs,barbell,https://gymvisual.com/img/p/1/4/1/6/6/14166.gif,85,barbell romanian deadlift,glutes
shoulders,barbell,https://gymvisual.com/img/p/1/1/7/1/0/11710.gif,86,barbell seated behind head military press,delts
shoulders,barbell,https://gymvisual.com/img/p/4/8/2/1/4821.gif,87,barbell seated bradford rocky press,delts
lower legs,barbell,https://gymvisual.com/img/p/1/1/7/6/6/11766.gif,88,barbell seated calf raise,calves
lower legs,barbell,https://gymvisual.com/img/p/1/1/7/6/6/11766.gif,1371,barbell seated calf raise,calves
upper arms,barbell,https://gymvisual.com/img/p/7/5/2/2/7522.gif,1718,barbell seated close grip behind neck triceps extension,triceps
upper legs,barbell,https://gymvisual.com/img/p/1/1/7/0/9/11709.gif,90,barbell seated good morning,glutes
shoulders,barbell,https://gymvisual.com/img/p/1/1/7/1/1/11711.gif,91,barbell seated overhead press,delts
upper arms,barbell,https://gymvisual.com/img/p/1/1/7/1/3/11713.gif,92,barbell seated overhead triceps extension,triceps
waist,barbell,https://gymvisual.com/img/p/4/8/2/9/4829.gif,94,barbell seated twist,abs
back,barbell,https://gymvisual.com/img/p/1/1/6/4/2/11642.gif,95,barbell shrug,traps
upper legs,barbell,https://gymvisual.com/img/p/4/8/3/5/4835.gif,98,barbell side split squat,quads
upper legs,barbell,https://gymvisual.com/img/p/1/1/7/3/5/11735.gif,1756,barbell single leg deadlift,glutes
upper legs,barbell,https://gymvisual.com/img/p/8/9/1/9/8919.gif,99,barbell single leg split squat,quads
waist,barbell,https://gymvisual.com/img/p/1/4/5/9/7/14597.gif,2799,barbell sitted alternate leg raise,abs
waist,barbell,https://gymvisual.com/img/p/1/4/5/9/8/14598.gif,2800,barbell sitted alternate leg raise (female),abs
shoulders,barbell,https://gymvisual.com/img/p/1/2/6/1/1/12611.gif,100,barbell skier,delts
upper legs,barbell,https://gymvisual.com/img/p/4/8/3/9/4839.gif,101,barbell speed squat,glutes
upper legs,barbell,https://gymvisual.com/img/p/4/8/4/0/4840.gif,102,barbell squat (on knees),quads
upper legs,barbell,https://gymvisual.com/img/p/1/4/5/9/5/14595.gif,2798,barbell squat jump step rear lunge,quads
lower arms,barbell,https://gymvisual.com/img/p/2/8/2/6/1/28261.gif,104,barbell standing back wrist curl,forearms
shoulders,barbell,https://gymvisual.com/img/p/4/8/4/3/4843.gif,105,barbell standing bradford press,delts
lower legs,barbell,https://gymvisual.com/img/p/1/1/7/5/8/11758.gif,1372,barbell standing calf raise,calves
upper arms,barbell,https://gymvisual.com/img/p/1/1/7/8/3/11783.gif,106,barbell standing close grip curl,biceps
shoulders,barbell,https://gymvisual.com/img/p/1/4/8/7/6/14876.gif,1456,barbell standing close grip military press,delts
upper arms,barbell,https://gymvisual.com/img/p/1/0/4/8/7/10487.gif,2414,barbell standing concentration curl,biceps
shoulders,barbell,https://gymvisual.com/img/p/1/1/7/7/8/11778.gif,107,barbell standing front raise over head,delts
lower legs,barbell,https://gymvisual.com/img/p/4/8/4/6/4846.gif,108,barbell standing leg calf raise,calves
upper arms,barbell,https://gymvisual.com/img/p/1/1/7/1/2/11712.gif,109,barbell standing overhead triceps extension,triceps
upper arms,barbell,https://gymvisual.com/img/p/4/8/4/8/4848.gif,110,barbell standing reverse grip curl,biceps
lower legs,barbell,https://gymvisual.com/img/p/4/8/4/9/4849.gif,111,barbell standing rocking leg calf raise,calves
waist,barbell,https://gymvisual.com/img/p/9/8/3/3/9833.gif,112,barbell standing twist,abs
upper arms,barbell,https://gymvisual.com/img/p/1/1/6/0/0/11600.gif,1629,barbell standing wide grip biceps curl,biceps
shoulders,barbell,https://gymvisual.com/img/p/1/4/8/7/7/14877.gif,1457,barbell standing wide military press,delts
upper legs,barbell,https://gymvisual.com/img/p/4/8/5/3/4853.gif,115,barbell stiff leg good morning,glutes
upper legs,barbell,https://gymvisual.com/img/p/1/8/3/0/2/18302.gif,116,barbell straight leg deadlift,hamstrings
upper legs,barbell,https://gymvisual.com/img/p/2/1/8/6/1/21861.gif,117,barbell sumo deadlift,glutes
shoulders,barbell,https://gymvisual.com/img/p/1/3/1/5/4/13154.gif,3305,barbell thruster,delts
shoulders,barbell,https://gymvisual.com/img/p/8/9/2/1/8921.gif,120,barbell upright row,delts
chest,barbell,https://gymvisual.com/img/p/3/3/8/9/5/33895.gif,122,barbell wide bench press,pectorals
chest,barbell,https://gymvisual.com/img/p/6/5/2/5/6525.gif,1258,barbell wide reverse grip bench press,pectorals
upper legs,barbell,https://gymvisual.com/img/p/1/1/6/7/8/11678.gif,124,barbell wide squat,quads
lower arms,barbell,https://gymvisual.com/img/p/1/4/8/7/8/14878.gif,126,barbell wrist curl,forearms
upper legs,barbell,https://gymvisual.com/img/p/9/0/9/0/9090.gif,127,barbell zercher squat,glutes
upper legs,body weight,https://gymvisual.com/img/p/1/2/9/3/6/12936.gif,3212,basic toe touch (male),glutes
shoulders,rope,https://gymvisual.com/img/p/1/8/6/1/2/18612.gif,128,battling ropes,delts
cardio,body weight,https://gymvisual.com/img/p/3/2/3/6/4/32364.gif,3360,bear crawl,cardiovascular system
chest,assisted,https://gymvisual.com/img/p/6/5/2/6/6526.gif,1259,behind head chest stretch,pectorals
upper arms,body weight,https://gymvisual.com/img/p/1/0/3/8/6/10386.gif,129,bench dip (knees bent),triceps
upper arms,body weight,https://gymvisual.com/img/p/2/1/6/1/8/21618.gif,1399,bench dip on floor,triceps
upper legs,body weight,https://gymvisual.com/img/p/4/8/6/8/4868.gif,130,bench hip extension,glutes
back,body weight,https://gymvisual.com/img/p/1/2/4/4/9/12449.gif,3019,bench pull-ups,lats
upper legs,body weight,https://gymvisual.com/img/p/1/4/7/3/8/14738.gif,3639,bent knee lying twist (male),glutes
upper arms,body weight,https://gymvisual.com/img/p/7/6/2/9/7629.gif,1770,biceps leg concentration curl,biceps
upper legs,body weight,https://gymvisual.com/img/p/1/4/1/1/2/14112.gif,3543,bodyweight drop jump squat,glutes
waist,body weight,https://gymvisual.com/img/p/1/4/1/1/3/14113.gif,3544,bodyweight incline side plank,abs
upper arms,body weight,https://gymvisual.com/img/p/1/4/8/8/1/14881.gif,1771,bodyweight kneeling triceps extension,triceps
upper arms,body weight,https://gymvisual.com/img/p/7/6/3/0/7630.gif,1769,bodyweight side lying biceps curl,biceps
back,body weight,https://gymvisual.com/img/p/1/2/7/2/6/12726.gif,3168,bodyweight squatting row,upper back
back,body weight,https://gymvisual.com/img/p/1/2/7/2/6/12726.gif,3167,bodyweight squatting row (with towel),upper back
lower legs,body weight,https://gymvisual.com/img/p/6/6/3/6/6636.gif,1373,bodyweight standing calf raise,calves
back,body weight,https://gymvisual.com/img/p/1/2/6/9/5/12695.gif,3156,bodyweight standing close-grip one arm row,upper back
back,body weight,https://gymvisual.com/img/p/1/2/6/9/7/12697.gif,3158,bodyweight standing close-grip row,upper back
back,body weight,https://gymvisual.com/img/p/1/2/6/9/9/12699.gif,3162,bodyweight standing one arm row,upper back
back,body weight,https://gymvisual.com/img/p/1/2/7/0/1/12701.gif,3161,bodyweight standing one arm row (with towel),upper back
back,body weight,https://gymvisual.com/img/p/1/2/7/0/6/12706.gif,3166,bodyweight standing row,upper back
back,body weight,https://gymvisual.com/img/p/1/2/7/0/6/12706.gif,3165,bodyweight standing row (with towel),upper back
waist,body weight,https://gymvisual.com/img/p/2/1/8/4/3/21843.gif,138,bottoms-up,abs
waist,body weight,https://gymvisual.com/img/p/1/0/6/4/0/10640.gif,2466,bridge - mountain climber (cross body),abs
cardio,body weight,https://gymvisual.com/img/p/3/3/1/3/6/33136.gif,1160,burpee,cardiovascular system
upper legs,body weight,https://gymvisual.com/img/p/2/1/7/4/1/21741.gif,1494,butterfly yoga pose,adductors
shoulders,cable,https://gymvisual.com/img/p/1/4/8/8/3/14883.gif,148,cable alternate shoulder press,delts
upper arms,cable,https://gymvisual.com/img/p/1/4/8/8/4/14884.gif,149,cable alternate triceps extension,triceps
upper legs,cable,https://gymvisual.com/img/p/1/2/9/8/5/12985.gif,3235,cable assisted inverse leg curl,hamstrings
back,cable,https://gymvisual.com/img/p/8/9/3/9/8939.gif,150,cable bar lateral pulldown,lats
chest,cable,https://gymvisual.com/img/p/1/1/7/6/8/11768.gif,151,cable bench press,pectorals
upper arms,cable,https://gymvisual.com/img/p/1/8/2/6/4/18264.gif,1630,cable close grip curl,biceps
upper arms,cable,https://gymvisual.com/img/p/1/4/8/8/5/14885.gif,1631,cable concentration curl,biceps
upper arms,cable,https://gymvisual.com/img/p/1/4/8/8/6/14886.gif,152,cable concentration extension (on knee),triceps
upper arms,cable,https://gymvisual.com/img/p/9/1/9/8/9198.gif,868,cable curl,biceps
upper legs,cable,https://gymvisual.com/img/p/1/4/8/8/8/14888.gif,157,cable deadlift,glutes
chest,cable,https://gymvisual.com/img/p/1/1/6/7/2/11672.gif,158,cable decline fly,pectorals
chest,cable,https://gymvisual.com/img/p/6/5/2/7/6527.gif,1260,cable decline one arm press,pectorals
chest,cable,https://gymvisual.com/img/p/1/4/8/8/9/14889.gif,1261,cable decline press,pectorals
upper arms,cable,https://gymvisual.com/img/p/7/2/4/5/7245.gif,1632,cable drag curl,biceps
shoulders,cable,https://gymvisual.com/img/p/4/8/9/4/4894.gif,161,cable forward raise,delts
shoulders,cable,https://gymvisual.com/img/p/2/9/0/0/7/29007.gif,162,cable front raise,delts
shoulders,cable,https://gymvisual.com/img/p/4/8/9/7/4897.gif,164,cable front shoulder raise,delts
upper arms,cable,https://gymvisual.com/img/p/2/0/8/2/1/20821.gif,165,cable hammer curl (with rope),biceps
upper arms,cable,https://gymvisual.com/img/p/1/4/8/9/0/14890.gif,1722,cable high pulley overhead tricep extension,triceps
upper legs,cable,https://gymvisual.com/img/p/1/0/1/3/8/10138.gif,168,cable hip adduction,adductors
chest,cable,https://gymvisual.com/img/p/1/4/8/9/2/14892.gif,169,cable incline bench press,pectorals
back,cable,https://gymvisual.com/img/p/6/5/8/4/6584.gif,1318,cable incline bench row,upper back
chest,cable,https://gymvisual.com/img/p/1/4/8/9/3/14893.gif,171,cable incline fly,pectorals
chest,cable,https://gymvisual.com/img/p/4/9/0/3/4903.gif,170,cable incline fly (on stability ball),pectorals
back,cable,https://gymvisual.com/img/p/1/4/8/9/4/14894.gif,172,cable incline pushdown,lats
upper arms,cable,https://gymvisual.com/img/p/1/4/8/9/5/14895.gif,173,cable incline triceps extension,triceps
waist,cable,https://gymvisual.com/img/p/1/4/8/9/6/14896.gif,174,cable judo flip,abs
upper arms,cable,https://gymvisual.com/img/p/2/0/2/7/6/20276.gif,860,cable kickback,triceps
waist,cable,https://gymvisual.com/img/p/2/5/2/7/2/25272.gif,175,cable kneeling crunch,abs
shoulders,cable,https://gymvisual.com/img/p/1/4/6/9/7/14697.gif,3697,cable kneeling rear delt row (with rope) (male),delts
upper arms,cable,https://gymvisual.com/img/p/9/1/9/6/9196.gif,176,cable kneeling triceps extension,triceps
back,cable,https://gymvisual.com/img/p/1/0/1/6/3/10163.gif,2330,cable lat pulldown full range of motion,lats
back,cable,https://gymvisual.com/img/p/4/9/1/0/4910.gif,177,cable lateral pulldown (with rope attachment),lats
back,cable,https://gymvisual.com/img/p/1/0/8/0/1/10801.gif,2616,cable lateral pulldown with v-bar,lats
shoulders,cable,https://gymvisual.com/img/p/1/4/8/9/7/14897.gif,178,cable lateral raise,delts
chest,cable,https://gymvisual.com/img/p/8/9/4/4/8944.gif,179,cable low fly,pectorals
back,cable,https://gymvisual.com/img/p/2/6/4/6/0/26460.gif,180,cable low seated row,upper back
upper arms,cable,https://gymvisual.com/img/p/1/4/8/9/8/14898.gif,1634,cable lying bicep curl,biceps
back,cable,https://gymvisual.com/img/p/1/4/8/9/9/14899.gif,184,cable lying extension pullover (with rope attachment),lats
chest,cable,https://gymvisual.com/img/p/1/0/5/5/7/10557.gif,185,cable lying fly,pectorals
chest,cable,https://gymvisual.com/img/p/1/1/6/2/0/11620.gif,188,cable middle fly,pectorals
back,cable,https://gymvisual.com/img/p/1/4/1/6/3/14163.gif,189,cable one arm bent over row,upper back
upper arms,cable,https://gymvisual.com/img/p/1/1/6/9/0/11690.gif,190,cable one arm curl,biceps
chest,cable,https://gymvisual.com/img/p/6/5/2/9/6529.gif,1262,cable one arm decline chest fly,pectorals
chest,cable,https://gymvisual.com/img/p/6/5/3/0/6530.gif,1263,cable one arm fly on exercise ball,pectorals
chest,cable,https://gymvisual.com/img/p/6/5/3/1/6531.gif,1264,cable one arm incline fly on exercise ball,pectorals
chest,cable,https://gymvisual.com/img/p/6/5/3/2/6532.gif,1265,cable one arm incline press,pectorals
chest,cable,https://gymvisual.com/img/p/6/5/3/3/6533.gif,1266,cable one arm incline press on exercise ball,pectorals
shoulders,cable,https://gymvisual.com/img/p/8/9/2/3/8923.gif,192,cable one arm lateral raise,delts
upper arms,cable,https://gymvisual.com/img/p/7/2/4/6/7246.gif,1633,cable one arm preacher curl,biceps
chest,cable,https://gymvisual.com/img/p/6/5/3/4/6534.gif,1267,cable one arm press on exercise ball,pectorals
back,cable,https://gymvisual.com/img/p/1/4/1/5/9/14159.gif,3563,cable one arm pulldown,lats
upper arms,cable,https://gymvisual.com/img/p/7/2/4/8/7248.gif,1635,cable one arm reverse preacher curl,biceps
back,cable,https://gymvisual.com/img/p/4/9/2/6/4926.gif,193,cable one arm straight back high row (kneeling),upper back
upper arms,cable,https://gymvisual.com/img/p/7/5/2/7/7527.gif,1723,cable one arm tricep pushdown,triceps
upper arms,cable,https://gymvisual.com/img/p/7/2/4/9/7249.gif,1636,cable overhead curl,biceps
upper arms,cable,https://gymvisual.com/img/p/7/2/5/0/7250.gif,1637,cable overhead curl on exercise ball,biceps
upper arms,cable,https://gymvisual.com/img/p/8/9/4/0/8940.gif,194,cable overhead triceps extension (rope attachment),triceps
back,cable,https://gymvisual.com/img/p/6/5/8/5/6585.gif,1319,cable palm rotational row,upper back
upper arms,cable,https://gymvisual.com/img/p/2/8/2/8/9/28289.gif,195,cable preacher curl,biceps
chest,cable,https://gymvisual.com/img/p/6/5/3/5/6535.gif,1268,cable press on exercise ball,pectorals
upper legs,cable,https://gymvisual.com/img/p/4/9/2/9/4929.gif,196,cable pull through (with rope),glutes
back,cable,https://gymvisual.com/img/p/1/4/9/0/0/14900.gif,198,cable pulldown,lats
upper arms,cable,https://gymvisual.com/img/p/1/4/9/0/0/14900.gif,1638,cable pulldown bicep curl,biceps
upper arms,cable,https://gymvisual.com/img/p/1/1/6/1/9/11619.gif,201,cable pushdown,triceps
upper arms,cable,https://gymvisual.com/img/p/1/1/6/1/9/11619.gif,200,cable pushdown (with rope attachment),triceps
shoulders,cable,https://gymvisual.com/img/p/1/4/9/0/1/14901.gif,202,cable rear delt row (stirrups),delts
shoulders,cable,https://gymvisual.com/img/p/4/9/3/6/4936.gif,203,cable rear delt row (with rope),delts
upper arms,cable,https://gymvisual.com/img/p/1/4/9/0/2/14902.gif,204,cable rear drive,triceps
back,cable,https://gymvisual.com/img/p/9/2/0/0/9200.gif,205,cable rear pulldown,lats
waist,cable,https://gymvisual.com/img/p/1/1/7/5/1/11751.gif,873,cable reverse crunch,abs
upper arms,cable,https://gymvisual.com/img/p/4/9/3/9/4939.gif,206,cable reverse curl,biceps
upper arms,cable,https://gymvisual.com/img/p/1/0/4/7/3/10473.gif,2406,cable reverse grip triceps pushdown (sz-bar) (with arm blaster),triceps
upper arms,cable,https://gymvisual.com/img/p/1/1/7/8/5/11785.gif,1413,cable reverse one arm curl,biceps
upper arms,cable,https://gymvisual.com/img/p/2/5/8/4/2/25842.gif,209,cable reverse preacher curl,biceps
lower arms,cable,https://gymvisual.com/img/p/2/8/0/5/8/28058.gif,210,cable reverse wrist curl,forearms
back,cable,https://gymvisual.com/img/p/6/5/8/6/6586.gif,1320,cable rope crossover seated row,upper back
back,cable,https://gymvisual.com/img/p/6/5/8/7/6587.gif,1321,cable rope elevated seated row,upper back
back,cable,https://gymvisual.com/img/p/6/5/8/8/6588.gif,1322,cable rope extension incline bench row,upper back
upper arms,cable,https://gymvisual.com/img/p/7/2/5/2/7252.gif,1639,cable rope hammer preacher curl,biceps
upper arms,cable,https://gymvisual.com/img/p/7/5/2/8/7528.gif,1724,cable rope high pulley overhead tricep extension,triceps
upper arms,cable,https://gymvisual.com/img/p/7/5/2/9/7529.gif,1725,cable rope incline tricep extension,triceps
upper arms,cable,https://gymvisual.com/img/p/7/5/3/0/7530.gif,1726,cable rope lying on floor tricep extension,triceps
upper arms,cable,https://gymvisual.com/img/p/7/2/5/3/7253.gif,1640,cable rope one arm hammer preacher curl,biceps
back,cable,https://gymvisual.com/img/p/6/5/8/9/6589.gif,1323,cable rope seated row,upper back
waist,cable,https://gymvisual.com/img/p/1/4/9/0/3/14903.gif,211,cable russian twists (on stability ball),abs
chest,cable,https://gymvisual.com/img/p/1/4/9/0/4/14904.gif,2144,cable seated chest press,pectorals
waist,cable,https://gymvisual.com/img/p/1/1/7/9/0/11790.gif,212,cable seated crunch,abs
upper arms,cable,https://gymvisual.com/img/p/1/4/9/0/5/14905.gif,1641,cable seated curl,biceps
back,cable,https://gymvisual.com/img/p/4/9/4/7/4947.gif,214,cable seated one arm alternate row,upper back
upper arms,cable,https://gymvisual.com/img/p/1/4/9/0/7/14907.gif,1642,cable seated one arm concentration curl,biceps
upper arms,cable,https://gymvisual.com/img/p/2/7/9/4/6/27946.gif,1643,cable seated overhead curl,biceps
shoulders,cable,https://gymvisual.com/img/p/4/9/4/8/4948.gif,215,cable seated rear lateral raise,delts
back,cable,https://gymvisual.com/img/p/1/2/5/7/5/12575.gif,861,cable seated row,upper back
shoulders,cable,https://gymvisual.com/img/p/4/9/4/9/4949.gif,216,cable seated shoulder internal rotation,delts
waist,cable,https://gymvisual.com/img/p/1/0/5/5/4/10554.gif,2399,cable seated twist,abs
shoulders,cable,https://gymvisual.com/img/p/1/4/9/0/9/14909.gif,219,cable shoulder press,delts
back,cable,https://gymvisual.com/img/p/1/1/6/8/8/11688.gif,220,cable shrug,traps
waist,cable,https://gymvisual.com/img/p/2/4/9/7/6/24976.gif,222,cable side bend,abs
waist,cable,https://gymvisual.com/img/p/4/9/5/4/4954.gif,221,cable side bend crunch (bosu ball),abs
waist,cable,https://gymvisual.com/img/p/1/1/6/8/6/11686.gif,223,cable side crunch,abs
back,cable,https://gymvisual.com/img/p/1/0/7/2/3/10723.gif,1717,cable squat row (with rope attachment),lats
upper arms,cable,https://gymvisual.com/img/p/1/4/9/1/0/14910.gif,1644,cable squatting curl,biceps
lower arms,cable,https://gymvisual.com/img/p/2/8/2/6/5/28265.gif,224,cable standing back wrist curl,forearms
lower legs,cable,https://gymvisual.com/img/p/6/6/3/8/6638.gif,1375,cable standing calf raise,calves
waist,cable,https://gymvisual.com/img/p/1/1/7/6/4/11764.gif,226,cable standing crunch,abs
waist,cable,https://gymvisual.com/img/p/1/1/7/6/4/11764.gif,874,cable standing crunch (with rope attachment),abs
chest,cable,https://gymvisual.com/img/p/2/4/7/6/0/24760.gif,227,cable standing fly,pectorals
upper legs,cable,https://gymvisual.com/img/p/5/5/9/9/5599.gif,228,cable standing hip extension,glutes
upper arms,cable,https://gymvisual.com/img/p/1/1/6/8/9/11689.gif,229,cable standing inner curl,biceps
waist,cable,https://gymvisual.com/img/p/4/9/6/3/4963.gif,230,cable standing lift,abs
upper arms,cable,https://gymvisual.com/img/p/1/1/7/8/6/11786.gif,231,cable standing one arm triceps extension,triceps
lower legs,cable,https://gymvisual.com/img/p/6/6/3/9/6639.gif,1376,cable standing one leg calf raise,calves
upper arms,cable,https://gymvisual.com/img/p/4/9/6/5/4965.gif,232,cable standing pulldown (with rope),biceps
shoulders,cable,https://gymvisual.com/img/p/1/4/8/2/5/14825.gif,233,cable standing rear delt row (with rope),delts
upper arms,cable,https://gymvisual.com/img/p/7/5/3/1/7531.gif,1727,cable standing reverse grip one arm overhead tricep extension,triceps
shoulders,cable,https://gymvisual.com/img/p/1/1/7/6/5/11765.gif,235,cable standing shoulder external rotation,delts
chest,cable,https://gymvisual.com/img/p/1/0/3/9/7/10397.gif,1269,cable standing up straight crossovers,pectorals
back,cable,https://gymvisual.com/img/p/2/8/3/3/5/28335.gif,238,cable straight arm pulldown,lats
back,cable,https://gymvisual.com/img/p/4/9/7/0/4970.gif,237,cable straight arm pulldown (with rope),lats
back,cable,https://gymvisual.com/img/p/1/4/9/1/2/14912.gif,239,cable straight back seated row,upper back
shoulders,cable,https://gymvisual.com/img/p/4/9/7/3/4973.gif,240,cable supine reverse fly,delts
back,cable,https://gymvisual.com/img/p/1/0/6/3/8/10638.gif,2464,cable thibaudeau kayak row,lats
upper arms,cable,https://gymvisual.com/img/p/1/0/4/7/2/10472.gif,241,cable triceps pushdown (v-bar),triceps
upper arms,cable,https://gymvisual.com/img/p/1/0/4/7/2/10472.gif,2405,cable triceps pushdown (v-bar) (with arm blaster),triceps
waist,cable,https://gymvisual.com/img/p/4/9/7/5/4975.gif,242,cable tuck reverse crunch,abs
waist,cable,https://gymvisual.com/img/p/2/0/2/7/2/20272.gif,243,cable twist,abs
back,cable,https://gymvisual.com/img/p/4/9/7/7/4977.gif,244,cable twisting pull,lats
upper arms,cable,https://gymvisual.com/img/p/7/2/5/8/7258.gif,1645,cable two arm curl on incline bench,biceps
upper arms,cable,https://gymvisual.com/img/p/1/4/9/1/3/14913.gif,1728,cable two arm tricep kickback,triceps
back,cable,https://gymvisual.com/img/p/4/9/7/8/4978.gif,245,cable underhand pulldown,lats
chest,cable,https://gymvisual.com/img/p/1/1/6/2/3/11623.gif,1270,cable upper chest crossovers,pectorals
back,cable,https://gymvisual.com/img/p/6/5/9/0/6590.gif,1324,cable upper row,upper back
shoulders,cable,https://gymvisual.com/img/p/2/2/5/5/0/22550.gif,246,cable upright row,delts
back,cable,https://gymvisual.com/img/p/1/0/7/1/7/10717.gif,1325,cable wide grip rear pulldown behind neck,lats
lower arms,cable,https://gymvisual.com/img/p/2/8/0/6/2/28062.gif,247,cable wrist curl,forearms
lower legs,body weight,https://gymvisual.com/img/p/6/6/6/8/6668.gif,1407,calf push stretch with hands against wall,calves
lower legs,body weight,https://gymvisual.com/img/p/6/6/4/0/6640.gif,1377,calf stretch with hands against wall,calves
lower legs,rope,https://gymvisual.com/img/p/2/1/5/5/4/21554.gif,1378,calf stretch with rope,calves
back,barbell,https://gymvisual.com/img/p/2/1/9/3/7/21937.gif,248,cambered bar lying row,upper back
waist,body weight,https://gymvisual.com/img/p/2/1/8/0/6/21806.gif,2963,captains chair straight leg raise,abs
upper legs,body weight,https://gymvisual.com/img/p/7/0/1/6/7016.gif,1548,chair leg extended stretch,quads
chest,body weight,https://gymvisual.com/img/p/6/5/3/8/6538.gif,1271,chest and front of shoulder stretch,pectorals
chest,body weight,https://gymvisual.com/img/p/1/8/3/0/7/18307.gif,251,chest dip,pectorals
chest,body weight,https://gymvisual.com/img/p/6/3/3/4/6334.gif,1430,chest dip (on dip-pull-up cage),pectorals
chest,body weight,https://gymvisual.com/img/p/2/0/8/7/7/20877.gif,2462,chest dip on straight bar,pectorals
chest,stability ball,https://gymvisual.com/img/p/6/5/3/9/6539.gif,1272,chest stretch with exercise ball,pectorals
chest,body weight,https://gymvisual.com/img/p/1/2/9/4/0/12940.gif,3216,chest tap push-up (male),pectorals
back,body weight,https://gymvisual.com/img/p/2/4/0/2/5/24025.gif,1326,chin-up,lats
back,body weight,https://gymvisual.com/img/p/1/8/3/0/8/18308.gif,253,chin-ups (narrow parallel grip),upper back
lower legs,body weight,https://gymvisual.com/img/p/2/3/7/2/5/23725.gif,257,circles knee stretch,calves
chest,body weight,https://gymvisual.com/img/p/6/5/4/0/6540.gif,1273,clap push up,pectorals
upper arms,body weight,https://gymvisual.com/img/p/1/0/7/6/4/10764.gif,259,close-grip push-up,triceps
upper arms,body weight,https://gymvisual.com/img/p/1/0/7/6/4/10764.gif,2398,close-grip push-up (on knees),triceps
waist,body weight,https://gymvisual.com/img/p/1/1/6/9/1/11691.gif,260,cocoons,abs
waist,body weight,https://gymvisual.com/img/p/6/7/0/3/6703.gif,1468,crab twist toe touch,abs
waist,body weight,https://gymvisual.com/img/p/4/9/9/5/4995.gif,262,cross body crunch,abs
waist,body weight,https://gymvisual.com/img/p/5/0/0/0/5000.gif,267,crunch (hands overhead),abs
waist,stability ball,https://gymvisual.com/img/p/1/1/7/9/1/11791.gif,271,crunch (on stability ball),abs
waist,stability ball,https://gymvisual.com/img/p/5/0/0/5/5005.gif,272,"crunch (on stability ball, arms straight)",abs
waist,body weight,https://gymvisual.com/img/p/5/0/0/7/5007.gif,274,crunch floor,abs
waist,body weight,https://gymvisual.com/img/p/1/2/4/4/6/12446.gif,3016,curl-up,abs
upper legs,body weight,https://gymvisual.com/img/p/2/6/9/9/0/26990.gif,3769,curtsey squat,glutes
cardio,leverage machine,https://gymvisual.com/img/p/1/4/5/9/1/14591.gif,2331,cycle cross trainer,cardiovascular system
waist,body weight,https://gymvisual.com/img/p/2/3/7/0/7/23707.gif,276,dead bug,abs
waist,body weight,https://gymvisual.com/img/p/3/3/3/4/4/33344.gif,277,decline crunch,abs
chest,body weight,https://gymvisual.com/img/p/2/1/5/1/9/21519.gif,279,decline push-up,pectorals
waist,body weight,https://gymvisual.com/img/p/2/4/3/1/5/24315.gif,282,decline sit-up,abs
chest,dumbbell,https://gymvisual.com/img/p/2/0/3/0/5/20305.gif,1274,deep push up,pectorals
upper arms,body weight,https://gymvisual.com/img/p/2/6/2/3/9/26239.gif,283,diamond push-up,triceps
lower legs,body weight,https://gymvisual.com/img/p/1/1/7/6/7/11767.gif,284,donkey calf raise,calves
chest,body weight,https://gymvisual.com/img/p/6/5/7/7/6577.gif,1275,drop push up,pectorals
upper arms,dumbbell,https://gymvisual.com/img/p/1/1/6/9/3/11693.gif,285,dumbbell alternate biceps curl,biceps
upper arms,dumbbell,https://gymvisual.com/img/p/1/0/4/7/0/10470.gif,2403,dumbbell alternate biceps curl (with arm blaster),biceps
upper arms,dumbbell,https://gymvisual.com/img/p/1/1/7/4/2/11742.gif,1646,dumbbell alternate hammer preacher curl,biceps
upper arms,dumbbell,https://gymvisual.com/img/p/1/1/7/4/3/11743.gif,1647,dumbbell alternate preacher curl,biceps
upper arms,dumbbell,https://gymvisual.com/img/p/1/1/7/4/4/11744.gif,1648,dumbbell alternate seated hammer curl,biceps
shoulders,dumbbell,https://gymvisual.com/img/p/1/1/7/0/0/11700.gif,286,dumbbell alternate side press,delts
upper arms,dumbbell,https://gymvisual.com/img/p/1/1/7/8/8/11788.gif,1650,dumbbell alternating seated bicep curl on exercise ball,biceps
shoulders,dumbbell,https://gymvisual.com/img/p/1/0/3/9/6/10396.gif,2137,dumbbell arnold press,delts
chest,dumbbell,https://gymvisual.com/img/p/5/0/2/1/5021.gif,288,dumbbell around pullover,pectorals
shoulders,dumbbell,https://gymvisual.com/img/p/2/4/9/3/8/24938.gif,290,dumbbell bench seated press,delts
upper legs,dumbbell,https://gymvisual.com/img/p/8/9/0/9/8909.gif,291,dumbbell bench squat,glutes
back,dumbbell,https://gymvisual.com/img/p/2/7/3/3/8/27338.gif,293,dumbbell bent over row,upper back
upper arms,dumbbell,https://gymvisual.com/img/p/7/2/6/5/7265.gif,1652,dumbbell bicep curl on exercise ball with leg raised,biceps
upper arms,dumbbell,https://gymvisual.com/img/p/7/2/6/6/7266.gif,1653,dumbbell bicep curl with stork stance,biceps
upper arms,dumbbell,https://gymvisual.com/img/p/2/0/9/6/8/20968.gif,294,dumbbell biceps curl,biceps
upper arms,dumbbell,https://gymvisual.com/img/p/1/4/9/1/7/14917.gif,2401,dumbbell biceps curl (with arm blaster),biceps
upper arms,dumbbell,https://gymvisual.com/img/p/1/1/7/4/5/11745.gif,1654,dumbbell biceps curl reverse,biceps
upper arms,dumbbell,https://gymvisual.com/img/p/7/2/6/8/7268.gif,1655,dumbbell biceps curl squat,biceps
upper arms,dumbbell,https://gymvisual.com/img/p/7/2/6/9/7269.gif,1656,dumbbell biceps curl v sit on bosu ball,biceps
cardio,dumbbell,https://gymvisual.com/img/p/8/9/6/7/8967.gif,1201,dumbbell burpee,cardiovascular system
upper legs,dumbbell,https://gymvisual.com/img/p/2/2/6/2/0/22620.gif,295,dumbbell clean,glutes
upper arms,dumbbell,https://gymvisual.com/img/p/1/0/3/8/2/10382.gif,297,dumbbell concentration curl,biceps
upper legs,dumbbell,https://gymvisual.com/img/p/1/4/3/4/2/14342.gif,3635,dumbbell contralateral forward lunge,glutes
upper arms,dumbbell,https://gymvisual.com/img/p/1/1/7/4/7/11747.gif,298,dumbbell cross body hammer curl,biceps
shoulders,dumbbell,https://gymvisual.com/img/p/8/8/0/9/8809.gif,299,dumbbell cuban press,delts
upper legs,dumbbell,https://gymvisual.com/img/p/2/0/4/5/2/20452.gif,300,dumbbell deadlift,glutes
chest,dumbbell,https://gymvisual.com/img/p/1/1/6/3/2/11632.gif,301,dumbbell decline bench press,pectorals
chest,dumbbell,https://gymvisual.com/img/p/2/0/7/3/8/20738.gif,302,dumbbell decline fly,pectorals
chest,dumbbell,https://gymvisual.com/img/p/5/0/3/6/5036.gif,303,dumbbell decline hammer press,pectorals
chest,dumbbell,https://gymvisual.com/img/p/6/5/4/3/6543.gif,1276,dumbbell decline one arm fly,pectorals
upper arms,dumbbell,https://gymvisual.com/img/p/7/2/3/1/7231.gif,1617,dumbbell decline one arm hammer press,triceps
back,dumbbell,https://gymvisual.com/img/p/2/0/2/6/0/20260.gif,305,dumbbell decline shrug,traps
upper arms,dumbbell,https://gymvisual.com/img/p/1/1/7/6/3/11763.gif,306,dumbbell decline triceps extension,triceps
chest,dumbbell,https://gymvisual.com/img/p/1/1/6/9/4/11694.gif,307,dumbbell decline twist fly,pectorals
lower arms,dumbbell,https://gymvisual.com/img/p/1/4/9/1/9/14919.gif,1437,dumbbell finger curls,forearms
chest,dumbbell,https://gymvisual.com/img/p/1/6/8/4/9/16849.gif,308,dumbbell fly,pectorals
chest,dumbbell,https://gymvisual.com/img/p/1/1/7/2/1/11721.gif,1277,dumbbell fly on exercise ball,pectorals
upper arms,dumbbell,https://gymvisual.com/img/p/7/5/3/6/7536.gif,1732,dumbbell forward lunge triceps extension,triceps
shoulders,dumbbell,https://gymvisual.com/img/p/1/6/8/5/3/16853.gif,310,dumbbell front raise,delts
shoulders,dumbbell,https://gymvisual.com/img/p/1/1/6/9/2/11692.gif,311,dumbbell full can lateral raise,delts
upper legs,dumbbell,https://gymvisual.com/img/p/2/0/3/0/7/20307.gif,1760,dumbbell goblet squat,quads
upper arms,dumbbell,https://gymvisual.com/img/p/1/4/9/2/0/14920.gif,313,dumbbell hammer curl,biceps
upper arms,dumbbell,https://gymvisual.com/img/p/1/1/7/4/8/11748.gif,1659,dumbbell hammer curl on exercise ball,biceps
upper arms,dumbbell,https://gymvisual.com/img/p/1/4/9/2/0/14920.gif,2402,dumbbell hammer curls (with arm blaster),biceps
upper arms,dumbbell,https://gymvisual.com/img/p/7/2/7/7/7277.gif,1664,dumbbell high curl,biceps
chest,dumbbell,https://gymvisual.com/img/p/1/4/1/1/4/14114.gif,3545,dumbbell incline alternate press,pectorals
chest,dumbbell,https://gymvisual.com/img/p/1/1/6/2/2/11622.gif,314,dumbbell incline bench press,pectorals
upper arms,dumbbell,https://gymvisual.com/img/p/2/0/3/7/1/20371.gif,315,dumbbell incline biceps curl,biceps
chest,dumbbell,https://gymvisual.com/img/p/5/0/5/7/5057.gif,316,dumbbell incline breeding,pectorals
upper arms,dumbbell,https://gymvisual.com/img/p/5/0/5/8/5058.gif,318,dumbbell incline curl,biceps
chest,dumbbell,https://gymvisual.com/img/p/1/1/7/2/7/11727.gif,1278,dumbbell incline fly on exercise ball,pectorals
upper arms,dumbbell,https://gymvisual.com/img/p/1/1/6/5/4/11654.gif,320,dumbbell incline hammer curl,biceps
chest,dumbbell,https://gymvisual.com/img/p/1/1/6/6/4/11664.gif,321,dumbbell incline hammer press,pectorals
upper arms,dumbbell,https://gymvisual.com/img/p/7/2/3/2/7232.gif,1618,dumbbell incline hammer press on exercise ball,triceps
upper arms,dumbbell,https://gymvisual.com/img/p/1/1/6/8/1/11681.gif,322,dumbbell incline inner biceps curl,biceps
chest,dumbbell,https://gymvisual.com/img/p/6/5/4/6/6546.gif,1279,dumbbell incline one arm fly,pectorals
chest,dumbbell,https://gymvisual.com/img/p/6/5/4/7/6547.gif,1280,dumbbell incline one arm fly on exercise ball,pectorals
upper arms,dumbbell,https://gymvisual.com/img/p/7/2/3/3/7233.gif,1619,dumbbell incline one arm hammer press,triceps
upper arms,dumbbell,https://gymvisual.com/img/p/7/2/3/4/7234.gif,1620,dumbbell incline one arm hammer press on exercise ball,triceps
shoulders,dumbbell,https://gymvisual.com/img/p/1/2/6/1/2/12612.gif,323,dumbbell incline one arm lateral raise,delts
chest,dumbbell,https://gymvisual.com/img/p/6/5/4/8/6548.gif,1281,dumbbell incline one arm press,pectorals
chest,dumbbell,https://gymvisual.com/img/p/6/5/4/9/6549.gif,1282,dumbbell incline one arm press on exercise ball,pectorals
chest,dumbbell,https://gymvisual.com/img/p/1/1/7/2/8/11728.gif,1283,dumbbell incline press on exercise ball,pectorals
shoulders,dumbbell,https://gymvisual.com/img/p/1/1/6/7/6/11676.gif,325,dumbbell incline raise,delts
shoulders,dumbbell,https://gymvisual.com/img/p/2/7/6/3/2/27632.gif,326,dumbbell incline rear lateral raise,delts
back,dumbbell,https://gymvisual.com/img/p/1/1/6/7/0/11670.gif,327,dumbbell incline row,upper back
chest,dumbbell,https://gymvisual.com/img/p/5/0/6/9/5069.gif,328,dumbbell incline shoulder raise,serratus anterior
back,dumbbell,https://gymvisual.com/img/p/1/8/4/7/2/18472.gif,329,dumbbell incline shrug,traps
shoulders,dumbbell,https://gymvisual.com/img/p/1/4/1/1/1/14111.gif,3542,dumbbell incline t-raise,delts
upper arms,dumbbell,https://gymvisual.com/img/p/1/1/6/6/7/11667.gif,330,dumbbell incline triceps extension,triceps
upper arms,dumbbell,https://gymvisual.com/img/p/1/4/9/2/1/14921.gif,1733,dumbbell incline two arm extension,triceps
back,dumbbell,https://gymvisual.com/img/p/1/4/1/1/0/14110.gif,3541,dumbbell incline y-raise,upper back
shoulders,dumbbell,https://gymvisual.com/img/p/1/8/3/0/9/18309.gif,332,dumbbell iron cross,delts
upper arms,dumbbell,https://gymvisual.com/img/p/1/1/6/1/8/11618.gif,333,dumbbell kickback,triceps
upper arms,dumbbell,https://gymvisual.com/img/p/7/5/3/8/7538.gif,1734,dumbbell kickbacks on exercise ball,triceps
upper arms,dumbbell,https://gymvisual.com/img/p/7/2/7/3/7273.gif,1660,dumbbell kneeling bicep curl exercise ball,biceps
shoulders,dumbbell,https://gymvisual.com/img/p/1/9/1/5/1/19151.gif,334,dumbbell lateral raise,delts
shoulders,dumbbell,https://gymvisual.com/img/p/5/0/7/6/5076.gif,335,dumbbell lateral to front raise,delts
upper legs,dumbbell,https://gymvisual.com/img/p/1/4/9/8/6/14986.gif,336,dumbbell lunge,glutes
upper arms,dumbbell,https://gymvisual.com/img/p/2/0/8/8/7/20887.gif,1658,dumbbell lunge with bicep curl,biceps
upper arms,dumbbell,https://gymvisual.com/img/p/5/0/7/8/5078.gif,337,dumbbell lying  extension (across face),triceps
upper arms,dumbbell,https://gymvisual.com/img/p/1/8/4/7/4/18474.gif,1729,dumbbell lying alternate extension,triceps
upper arms,dumbbell,https://gymvisual.com/img/p/5/0/7/9/5079.gif,338,dumbbell lying elbow press,triceps
shoulders,dumbbell,https://gymvisual.com/img/p/1/4/9/2/2/14922.gif,863,dumbbell lying external shoulder rotation,delts
upper legs,dumbbell,https://gymvisual.com/img/p/1/1/7/5/9/11759.gif,339,dumbbell lying femoral,hamstrings
chest,dumbbell,https://gymvisual.com/img/p/1/1/6/4/8/11648.gif,340,dumbbell lying hammer press,pectorals
shoulders,dumbbell,https://gymvisual.com/img/p/1/0/6/4/4/10644.gif,2470,dumbbell lying on floor rear delt raise,delts
shoulders,dumbbell,https://gymvisual.com/img/p/5/0/8/2/5082.gif,341,dumbbell lying one arm deltoid rear,delts
chest,dumbbell,https://gymvisual.com/img/p/1/1/7/7/0/11770.gif,343,dumbbell lying one arm press,pectorals
upper arms,dumbbell,https://gymvisual.com/img/p/1/1/6/9/6/11696.gif,344,dumbbell lying one arm pronated triceps extension,triceps
shoulders,dumbbell,https://gymvisual.com/img/p/5/7/5/8/5758.gif,345,dumbbell lying one arm rear lateral raise,delts
upper arms,dumbbell,https://gymvisual.com/img/p/1/0/7/6/3/10763.gif,346,dumbbell lying one arm supinated triceps extension,triceps
lower arms,dumbbell,https://gymvisual.com/img/p/1/1/8/6/0/11860.gif,347,dumbbell lying pronation,forearms
lower arms,dumbbell,https://gymvisual.com/img/p/1/1/8/6/0/11860.gif,2705,dumbbell lying pronation on floor,forearms
chest,dumbbell,https://gymvisual.com/img/p/6/5/5/1/6551.gif,1284,dumbbell lying pullover on exercise ball,pectorals
back,dumbbell,https://gymvisual.com/img/p/1/1/7/1/9/11719.gif,1328,dumbbell lying rear delt row,upper back
shoulders,dumbbell,https://gymvisual.com/img/p/5/0/8/9/5089.gif,348,dumbbell lying rear lateral raise,delts
upper arms,dumbbell,https://gymvisual.com/img/p/1/4/9/2/3/14923.gif,1735,dumbbell lying single extension,triceps
lower arms,dumbbell,https://gymvisual.com/img/p/1/1/8/6/1/11861.gif,349,dumbbell lying supination,forearms
lower arms,dumbbell,https://gymvisual.com/img/p/1/1/8/6/1/11861.gif,2706,dumbbell lying supination on floor,forearms
upper arms,dumbbell,https://gymvisual.com/img/p/7/2/7/4/7274.gif,1661,dumbbell lying supine biceps curl,biceps
upper arms,dumbbell,https://gymvisual.com/img/p/1/8/3/1/0/18310.gif,350,dumbbell lying supine curl,biceps
upper arms,dumbbell,https://gymvisual.com/img/p/1/1/6/9/7/11697.gif,351,dumbbell lying triceps extension,triceps
upper arms,dumbbell,https://gymvisual.com/img/p/7/2/7/5/7275.gif,1662,dumbbell lying wide curl,biceps
upper arms,dumbbell,https://gymvisual.com/img/p/5/0/9/3/5093.gif,352,dumbbell neutral grip bench press,triceps
chest,dumbbell,https://gymvisual.com/img/p/6/5/5/2/6552.gif,1285,dumbbell one arm bench fly,pectorals
chest,dumbbell,https://gymvisual.com/img/p/6/5/5/3/6553.gif,1286,dumbbell one arm chest fly on exercise ball,pectorals
upper arms,dumbbell,https://gymvisual.com/img/p/1/1/6/9/8/11698.gif,353,dumbbell one arm concetration curl (on stability ball),biceps
chest,dumbbell,https://gymvisual.com/img/p/6/5/5/4/6554.gif,1287,dumbbell one arm decline chest press,pectorals
chest,dumbbell,https://gymvisual.com/img/p/6/5/5/5/6555.gif,1288,dumbbell one arm fly on exercise ball,pectorals
upper arms,dumbbell,https://gymvisual.com/img/p/1/1/7/4/9/11749.gif,1736,dumbbell one arm french press on exercise ball,triceps
upper arms,dumbbell,https://gymvisual.com/img/p/7/2/7/6/7276.gif,1663,dumbbell one arm hammer preacher curl,biceps
upper arms,dumbbell,https://gymvisual.com/img/p/7/2/3/5/7235.gif,1621,dumbbell one arm hammer press on exercise ball,triceps
chest,dumbbell,https://gymvisual.com/img/p/6/5/5/6/6556.gif,1289,dumbbell one arm incline chest press,pectorals
upper arms,dumbbell,https://gymvisual.com/img/p/1/0/3/8/3/10383.gif,354,dumbbell one arm kickback,triceps
shoulders,dumbbell,https://gymvisual.com/img/p/1/1/7/8/0/11780.gif,355,dumbbell one arm lateral raise,delts
chest,dumbbell,https://gymvisual.com/img/p/6/5/5/7/6557.gif,1290,dumbbell one arm press on exercise ball,pectorals
upper arms,dumbbell,https://gymvisual.com/img/p/7/2/7/8/7278.gif,1665,dumbbell one arm prone curl,biceps
upper arms,dumbbell,https://gymvisual.com/img/p/7/2/7/9/7279.gif,1666,dumbbell one arm prone hammer curl,biceps
chest,dumbbell,https://gymvisual.com/img/p/6/5/5/8/6558.gif,1291,dumbbell one arm pullover on exercise ball,pectorals
lower arms,dumbbell,https://gymvisual.com/img/p/1/1/7/7/4/11774.gif,358,dumbbell one arm revers wrist curl,forearms
shoulders,dumbbell,https://gymvisual.com/img/p/1/8/6/9/8/18698.gif,359,dumbbell one arm reverse fly (with support),delts
chest,dumbbell,https://gymvisual.com/img/p/7/2/3/6/7236.gif,1622,dumbbell one arm reverse grip press,pectorals
upper arms,dumbbell,https://gymvisual.com/img/p/6/6/7/5/6675.gif,1414,dumbbell one arm reverse preacher curl,biceps
upper arms,dumbbell,https://gymvisual.com/img/p/7/2/8/0/7280.gif,1667,dumbbell one arm reverse spider curl,biceps
upper arms,dumbbell,https://gymvisual.com/img/p/7/2/8/1/7281.gif,1668,dumbbell one arm seated bicep curl on exercise ball,biceps
upper arms,dumbbell,https://gymvisual.com/img/p/7/2/8/2/7282.gif,1669,dumbbell one arm seated hammer curl,biceps
lower arms,dumbbell,https://gymvisual.com/img/p/1/1/7/7/5/11775.gif,1415,dumbbell one arm seated neutral wrist curl,forearms
shoulders,dumbbell,https://gymvisual.com/img/p/1/0/3/9/1/10391.gif,361,dumbbell one arm shoulder press,delts
upper legs,dumbbell,https://gymvisual.com/img/p/2/7/3/5/0/27350.gif,3888,dumbbell one arm snatch,glutes
upper arms,dumbbell,https://gymvisual.com/img/p/7/2/8/3/7283.gif,1670,dumbbell one arm standing curl,biceps
upper arms,dumbbell,https://gymvisual.com/img/p/1/1/7/0/8/11708.gif,362,dumbbell one arm triceps extension (on bench),triceps
shoulders,dumbbell,https://gymvisual.com/img/p/1/1/7/0/7/11707.gif,363,dumbbell one arm upright row,delts
lower arms,dumbbell,https://gymvisual.com/img/p/1/1/7/7/6/11776.gif,364,dumbbell one arm wrist curl,forearms
upper arms,dumbbell,https://gymvisual.com/img/p/1/6/9/6/7/16967.gif,1672,dumbbell one arm zottman preacher curl,biceps
chest,dumbbell,https://gymvisual.com/img/p/6/5/5/9/6559.gif,1292,dumbbell one leg fly on exercise ball,pectorals
upper arms,dumbbell,https://gymvisual.com/img/p/1/1/7/2/9/11729.gif,365,dumbbell over bench neutral wrist curl,biceps
upper arms,dumbbell,https://gymvisual.com/img/p/1/1/7/3/0/11730.gif,366,dumbbell over bench one arm  neutral wrist curl,biceps
lower arms,dumbbell,https://gymvisual.com/img/p/6/3/4/5/6345.gif,1441,dumbbell over bench one arm reverse wrist curl,forearms
lower arms,dumbbell,https://gymvisual.com/img/p/1/1/7/7/7/11777.gif,367,dumbbell over bench one arm wrist curl,forearms
lower arms,dumbbell,https://gymvisual.com/img/p/2/0/3/4/8/20348.gif,368,dumbbell over bench revers wrist curl,forearms
lower arms,dumbbell,https://gymvisual.com/img/p/1/1/7/3/2/11732.gif,369,dumbbell over bench wrist curl,forearms
back,dumbbell,https://gymvisual.com/img/p/1/1/7/2/3/11723.gif,1329,dumbbell palm rotational bent over row,upper back
upper arms,dumbbell,https://gymvisual.com/img/p/7/2/3/7/7237.gif,1623,dumbbell palms in incline bench press,triceps
upper arms,dumbbell,https://gymvisual.com/img/p/5/1/1/1/5111.gif,370,dumbbell peacher hammer curl,biceps
upper legs,dumbbell,https://gymvisual.com/img/p/5/1/1/2/5112.gif,371,dumbbell plyo squat,glutes
upper arms,dumbbell,https://gymvisual.com/img/p/2/1/9/2/8/21928.gif,372,dumbbell preacher curl,biceps
upper arms,dumbbell,https://gymvisual.com/img/p/1/6/9/6/6/16966.gif,1673,dumbbell preacher curl over exercise ball,biceps
chest,dumbbell,https://gymvisual.com/img/p/1/4/9/2/4/14924.gif,1293,dumbbell press on exercise ball,pectorals
upper arms,dumbbell,https://gymvisual.com/img/p/1/1/6/5/6/11656.gif,374,dumbbell prone incline curl,biceps
upper arms,dumbbell,https://gymvisual.com/img/p/1/1/6/5/5/11655.gif,1674,dumbbell prone incline hammer curl,biceps
chest,dumbbell,https://gymvisual.com/img/p/2/8/9/7/9/28979.gif,375,dumbbell pullover,pectorals
chest,dumbbell,https://gymvisual.com/img/p/6/5/6/1/6561.gif,1294,dumbbell pullover hip extension on exercise ball,pectorals
chest,dumbbell,https://gymvisual.com/img/p/1/1/7/2/2/11722.gif,1295,dumbbell pullover on exercise ball,pectorals
shoulders,dumbbell,https://gymvisual.com/img/p/7/4/1/6/7416.gif,1700,dumbbell push press,delts
shoulders,dumbbell,https://gymvisual.com/img/p/5/1/1/7/5117.gif,376,dumbbell raise,delts
shoulders,dumbbell,https://gymvisual.com/img/p/1/6/8/5/4/16854.gif,2292,dumbbell rear delt raise,delts
shoulders,dumbbell,https://gymvisual.com/img/p/1/0/4/0/2/10402.gif,378,dumbbell rear fly,delts
shoulders,dumbbell,https://gymvisual.com/img/p/5/1/2/0/5120.gif,380,dumbbell rear lateral raise,delts
shoulders,dumbbell,https://gymvisual.com/img/p/5/1/2/0/5120.gif,379,dumbbell rear lateral raise (support head),delts
upper legs,dumbbell,https://gymvisual.com/img/p/1/8/6/2/3/18623.gif,381,dumbbell rear lunge,glutes
upper arms,dumbbell,https://gymvisual.com/img/p/5/1/2/3/5123.gif,382,dumbbell revers grip biceps curl,biceps
chest,dumbbell,https://gymvisual.com/img/p/1/6/8/6/5/16865.gif,1624,dumbbell reverse bench press,pectorals
shoulders,dumbbell,https://gymvisual.com/img/p/5/1/2/4/5124.gif,383,dumbbell reverse fly,delts
back,dumbbell,https://gymvisual.com/img/p/1/1/7/2/4/11724.gif,1330,dumbbell reverse grip incline bench one arm row,upper back
back,dumbbell,https://gymvisual.com/img/p/6/5/9/7/6597.gif,1331,dumbbell reverse grip incline bench two arm row,upper back
back,dumbbell,https://gymvisual.com/img/p/1/4/5/9/0/14590.gif,2327,dumbbell reverse grip row (female),upper back
upper arms,dumbbell,https://gymvisual.com/img/p/2/4/9/7/8/24978.gif,384,dumbbell reverse preacher curl,biceps
upper arms,dumbbell,https://gymvisual.com/img/p/7/2/8/8/7288.gif,1675,dumbbell reverse spider curl,biceps
lower arms,dumbbell,https://gymvisual.com/img/p/5/1/2/6/5126.gif,385,dumbbell reverse wrist curl,forearms
upper legs,dumbbell,https://gymvisual.com/img/p/8/9/1/4/8914.gif,1459,dumbbell romanian deadlift,glutes
shoulders,dumbbell,https://gymvisual.com/img/p/5/1/2/7/5127.gif,386,dumbbell rotation reverse fly,delts
shoulders,dumbbell,https://gymvisual.com/img/p/1/6/8/5/5/16855.gif,2397,dumbbell scott press,delts
shoulders,dumbbell,https://gymvisual.com/img/p/1/1/7/0/3/11703.gif,387,dumbbell seated alternate front raise,delts
upper arms,dumbbell,https://gymvisual.com/img/p/7/2/9/0/7290.gif,1676,dumbbell seated alternate hammer curl on exercise ball,biceps
shoulders,dumbbell,https://gymvisual.com/img/p/1/1/7/0/2/11702.gif,388,dumbbell seated alternate press,delts
shoulders,dumbbell,https://gymvisual.com/img/p/1/4/1/1/5/14115.gif,3546,dumbbell seated alternate shoulder,delts
upper arms,dumbbell,https://gymvisual.com/img/p/5/1/3/0/5130.gif,389,dumbbell seated bench extension,triceps
shoulders,dumbbell,https://gymvisual.com/img/p/1/0/1/6/9/10169.gif,2317,dumbbell seated bent arm lateral raise,delts
upper arms,dumbbell,https://gymvisual.com/img/p/7/5/3/4/7534.gif,1730,dumbbell seated bent over alternate kickback,triceps
upper arms,dumbbell,https://gymvisual.com/img/p/7/5/4/1/7541.gif,1737,dumbbell seated bent over triceps extension,triceps
upper arms,dumbbell,https://gymvisual.com/img/p/7/2/9/1/7291.gif,1677,dumbbell seated bicep curl,biceps
upper arms,dumbbell,https://gymvisual.com/img/p/5/1/3/1/5131.gif,390,dumbbell seated biceps curl (on stability ball),biceps
upper arms,dumbbell,https://gymvisual.com/img/p/1/4/1/1/6/14116.gif,3547,dumbbell seated biceps curl to shoulder press,biceps
lower legs,dumbbell,https://gymvisual.com/img/p/1/4/9/2/5/14925.gif,1379,dumbbell seated calf raise,calves
upper arms,dumbbell,https://gymvisual.com/img/p/1/4/9/2/6/14926.gif,391,dumbbell seated curl,biceps
shoulders,dumbbell,https://gymvisual.com/img/p/8/9/2/7/8927.gif,392,dumbbell seated front raise,delts
upper arms,dumbbell,https://gymvisual.com/img/p/7/2/9/2/7292.gif,1678,dumbbell seated hammer curl,biceps
upper arms,dumbbell,https://gymvisual.com/img/p/5/1/3/4/5134.gif,393,dumbbell seated inner biceps curl,biceps
upper arms,dumbbell,https://gymvisual.com/img/p/1/6/8/4/7/16847.gif,394,dumbbell seated kickback,triceps
shoulders,dumbbell,https://gymvisual.com/img/p/1/8/5/5/1/18551.gif,396,dumbbell seated lateral raise,delts
upper arms,dumbbell,https://gymvisual.com/img/p/1/1/7/3/3/11733.gif,397,dumbbell seated neutral wrist curl,biceps
upper arms,dumbbell,https://gymvisual.com/img/p/7/2/9/3/7293.gif,1679,dumbbell seated one arm bicep curl on exercise ball with leg raised,biceps
upper arms,dumbbell,https://gymvisual.com/img/p/5/1/3/9/5139.gif,398,dumbbell seated one arm kickback,triceps
lower arms,dumbbell,https://gymvisual.com/img/p/5/1/4/0/5140.gif,399,dumbbell seated one arm rotate,forearms
lower legs,dumbbell,https://gymvisual.com/img/p/6/6/4/3/6643.gif,400,dumbbell seated one leg calf raise,calves
lower legs,dumbbell,https://gymvisual.com/img/p/6/6/4/3/6643.gif,1380,dumbbell seated one leg calf raise - hammer grip,calves
lower legs,dumbbell,https://gymvisual.com/img/p/6/6/4/4/6644.gif,1381,dumbbell seated one leg calf raise - palm up,calves
lower arms,dumbbell,https://gymvisual.com/img/p/1/1/7/3/4/11734.gif,401,dumbbell seated palms up wrist curl,forearms
upper arms,dumbbell,https://gymvisual.com/img/p/5/1/4/3/5143.gif,402,dumbbell seated preacher curl,biceps
upper arms,dumbbell,https://gymvisual.com/img/p/5/1/4/4/5144.gif,403,dumbbell seated revers grip concentration curl,biceps
upper arms,dumbbell,https://gymvisual.com/img/p/7/5/4/2/7542.gif,1738,dumbbell seated reverse grip one arm overhead tricep extension,triceps
shoulders,dumbbell,https://gymvisual.com/img/p/1/1/7/0/1/11701.gif,405,dumbbell seated shoulder press,delts
shoulders,dumbbell,https://gymvisual.com/img/p/1/1/7/0/1/11701.gif,404,dumbbell seated shoulder press (parallel grip),delts
upper arms,dumbbell,https://gymvisual.com/img/p/3/3/7/2/4/33724.gif,2188,dumbbell seated triceps extension,triceps
back,dumbbell,https://gymvisual.com/img/p/1/1/7/0/4/11704.gif,406,dumbbell shrug,traps
waist,dumbbell,https://gymvisual.com/img/p/2/1/6/0/2/21602.gif,407,dumbbell side bend,abs
shoulders,dumbbell,https://gymvisual.com/img/p/5/1/4/9/5149.gif,408,dumbbell side lying one hand raise,delts
back,dumbbell,https://gymvisual.com/img/p/1/4/7/4/9/14749.gif,3664,dumbbell side plank with rear fly,upper back
shoulders,dumbbell,https://gymvisual.com/img/p/1/4/1/1/7/14117.gif,3548,dumbbell single arm overhead carry,delts
lower legs,dumbbell,https://gymvisual.com/img/p/1/8/4/9/0/18490.gif,409,dumbbell single leg calf raise,calves
upper legs,dumbbell,https://gymvisual.com/img/p/1/4/6/0/3/14603.gif,1757,dumbbell single leg deadlift,glutes
upper legs,dumbbell,https://gymvisual.com/img/p/1/4/6/0/3/14603.gif,2805,dumbbell single leg deadlift with stepbox support,glutes
upper legs,dumbbell,https://gymvisual.com/img/p/2/6/3/0/9/26309.gif,410,dumbbell single leg split squat,quads
upper legs,dumbbell,https://gymvisual.com/img/p/1/6/9/7/0/16970.gif,411,dumbbell single leg squat,glutes
upper legs,dumbbell,https://gymvisual.com/img/p/2/4/2/0/6/24206.gif,413,dumbbell squat,glutes
upper arms,dumbbell,https://gymvisual.com/img/p/1/4/1/5/6/14156.gif,3560,dumbbell standing alternate hammer curl and press,biceps
shoulders,dumbbell,https://gymvisual.com/img/p/1/4/1/5/5/14155.gif,414,dumbbell standing alternate overhead press,delts
shoulders,dumbbell,https://gymvisual.com/img/p/5/1/5/6/5156.gif,415,dumbbell standing alternate raise,delts
upper arms,dumbbell,https://gymvisual.com/img/p/7/5/4/3/7543.gif,1739,dumbbell standing alternating tricep kickback,triceps
shoulders,dumbbell,https://gymvisual.com/img/p/8/7/7/3/8773.gif,2143,dumbbell standing around world,delts
upper arms,dumbbell,https://gymvisual.com/img/p/7/5/4/4/7544.gif,1740,dumbbell standing bent over one arm triceps extension,triceps
upper arms,dumbbell,https://gymvisual.com/img/p/7/5/4/5/7545.gif,1741,dumbbell standing bent over two arm triceps extension,triceps
upper arms,dumbbell,https://gymvisual.com/img/p/2/0/9/5/4/20954.gif,416,dumbbell standing biceps curl,biceps
lower legs,dumbbell,https://gymvisual.com/img/p/8/9/0/2/8902.gif,417,dumbbell standing calf raise,calves
upper arms,dumbbell,https://gymvisual.com/img/p/5/1/5/9/5159.gif,418,dumbbell standing concentration curl,biceps
shoulders,dumbbell,https://gymvisual.com/img/p/5/1/6/0/5160.gif,419,dumbbell standing front raise above head,delts
upper arms,dumbbell,https://gymvisual.com/img/p/1/1/7/0/5/11705.gif,420,dumbbell standing kickback,triceps
upper arms,dumbbell,https://gymvisual.com/img/p/5/1/6/2/5162.gif,421,dumbbell standing one arm concentration curl,biceps
upper arms,dumbbell,https://gymvisual.com/img/p/1/4/9/2/8/14928.gif,422,dumbbell standing one arm curl (over incline bench),biceps
upper arms,dumbbell,https://gymvisual.com/img/p/7/2/9/4/7294.gif,1680,dumbbell standing one arm curl over incline bench,biceps
upper arms,dumbbell,https://gymvisual.com/img/p/5/1/6/4/5164.gif,423,dumbbell standing one arm extension,triceps
shoulders,dumbbell,https://gymvisual.com/img/p/5/1/6/5/5165.gif,424,dumbbell standing one arm palm in press,delts
upper arms,dumbbell,https://gymvisual.com/img/p/5/1/6/6/5166.gif,425,dumbbell standing one arm reverse curl,biceps
shoulders,dumbbell,https://gymvisual.com/img/p/1/0/3/9/0/10390.gif,426,dumbbell standing overhead press,delts
shoulders,dumbbell,https://gymvisual.com/img/p/1/1/7/0/6/11706.gif,427,dumbbell standing palms in press,delts
upper arms,dumbbell,https://gymvisual.com/img/p/5/1/6/9/5169.gif,428,dumbbell standing preacher curl,biceps
upper arms,dumbbell,https://gymvisual.com/img/p/3/0/2/5/1/30251.gif,429,dumbbell standing reverse curl,biceps
upper arms,dumbbell,https://gymvisual.com/img/p/1/0/4/0/0/10400.gif,430,dumbbell standing triceps extension,triceps
upper arms,dumbbell,https://gymvisual.com/img/p/9/7/5/1/9751.gif,2293,dumbbell standing zottman preacher curl,biceps
upper arms,dumbbell,https://gymvisual.com/img/p/7/2/9/7/7297.gif,1684,dumbbell step up single leg balance with bicep curl,biceps
upper legs,dumbbell,https://gymvisual.com/img/p/2/1/7/7/0/21770.gif,431,dumbbell step-up,glutes
upper legs,dumbbell,https://gymvisual.com/img/p/1/8/4/4/4/18444.gif,432,dumbbell stiff leg deadlift,glutes
chest,dumbbell,https://gymvisual.com/img/p/1/6/7/9/7/16797.gif,433,dumbbell straight arm pullover,pectorals
upper legs,dumbbell,https://gymvisual.com/img/p/2/4/6/5/3/24653.gif,434,dumbbell straight leg deadlift,glutes
upper legs,dumbbell,https://gymvisual.com/img/p/1/4/6/0/5/14605.gif,2808,dumbbell sumo pull through,glutes
upper legs,dumbbell,https://gymvisual.com/img/p/1/4/6/0/1/14601.gif,2803,dumbbell supported squat,quads
upper arms,dumbbell,https://gymvisual.com/img/p/5/1/7/7/5177.gif,436,dumbbell tate press,triceps
upper arms,dumbbell,https://gymvisual.com/img/p/7/5/4/6/7546.gif,1742,dumbbell tricep kickback with stork stance,triceps
upper arms,dumbbell,https://gymvisual.com/img/p/7/5/4/7/7547.gif,1743,dumbbell twisting bench press,triceps
shoulders,dumbbell,https://gymvisual.com/img/p/1/6/8/5/6/16856.gif,437,dumbbell upright row,delts
shoulders,dumbbell,https://gymvisual.com/img/p/7/6/0/4/7604.gif,1765,dumbbell upright row (back pov),delts
shoulders,dumbbell,https://gymvisual.com/img/p/5/5/8/6/5586.gif,864,dumbbell upright shoulder external rotation,delts
upper arms,dumbbell,https://gymvisual.com/img/p/2/0/9/6/4/20964.gif,5201,dumbbell waiter biceps curl,biceps
upper arms,dumbbell,https://gymvisual.com/img/p/1/2/2/4/6/12246.gif,439,dumbbell zottman curl,biceps
upper arms,dumbbell,https://gymvisual.com/img/p/9/7/5/0/9750.gif,2294,dumbbell zottman preacher curl,biceps
upper arms,dumbbell,https://gymvisual.com/img/p/8/8/0/7/8807.gif,2189,dumbbells seated triceps extension,triceps
chest,body weight,https://gymvisual.com/img/p/5/8/6/3/5863.gif,1167,dynamic chest stretch (male),pectorals
upper arms,body weight,https://gymvisual.com/img/p/1/3/1/3/6/13136.gif,3287,elbow dips,triceps
back,body weight,https://gymvisual.com/img/p/7/6/2/7/7627.gif,1772,elbow lift - reverse push-up,upper back
back,body weight,https://gymvisual.com/img/p/1/3/2/3/4/13234.gif,3292,elevator,upper back
back,stability ball,https://gymvisual.com/img/p/6/5/9/8/6598.gif,1332,exercise ball alternating arm ups,lats
back,stability ball,https://gymvisual.com/img/p/6/5/9/9/6599.gif,1333,exercise ball back extension with arms extended,spine
back,stability ball,https://gymvisual.com/img/p/1/2/6/1/5/12615.gif,1334,exercise ball back extension with hands behind head,spine
back,stability ball,https://gymvisual.com/img/p/6/6/0/1/6601.gif,1335,exercise ball back extension with knees off ground,spine
back,stability ball,https://gymvisual.com/img/p/6/6/0/2/6602.gif,1336,exercise ball back extension with rotation,spine
upper arms,stability ball,https://gymvisual.com/img/p/7/5/4/8/7548.gif,1744,exercise ball dip,triceps
upper legs,stability ball,https://gymvisual.com/img/p/7/0/2/7/7027.gif,1559,exercise ball hip flexor stretch,glutes
back,stability ball,https://gymvisual.com/img/p/6/6/0/3/6603.gif,1338,exercise ball hug,spine
back,stability ball,https://gymvisual.com/img/p/6/6/0/4/6604.gif,1339,exercise ball lat stretch,lats
back,stability ball,https://gymvisual.com/img/p/6/6/0/5/6605.gif,1341,exercise ball lower back stretch (pyramid),lats
back,stability ball,https://gymvisual.com/img/p/6/6/0/6/6606.gif,1342,exercise ball lying side lat stretch,lats
lower legs,dumbbell,https://gymvisual.com/img/p/1/3/0/0/2/13002.gif,1382,exercise ball on the wall calf raise,calves
lower legs,dumbbell,https://gymvisual.com/img/p/1/3/0/0/3/13003.gif,3241,exercise ball on the wall calf raise (tennis ball between ankles),calves
lower legs,dumbbell,https://gymvisual.com/img/p/1/3/0/0/2/13002.gif,3240,exercise ball on the wall calf raise (tennis ball between knees),calves
upper legs,stability ball,https://gymvisual.com/img/p/6/6/7/7/6677.gif,1416,exercise ball one leg prone lower body rotation,glutes
upper legs,stability ball,https://gymvisual.com/img/p/1/2/6/1/9/12619.gif,1417,exercise ball one legged diagonal kick hamstring curl,glutes
back,stability ball,https://gymvisual.com/img/p/6/6/0/7/6607.gif,1343,exercise ball prone leg raise,spine
upper legs,stability ball,https://gymvisual.com/img/p/7/0/2/8/7028.gif,1560,exercise ball seated hamstring stretch,hamstrings
upper arms,stability ball,https://gymvisual.com/img/p/7/5/4/9/7549.gif,1745,exercise ball seated triceps stretch,triceps
upper arms,dumbbell,https://gymvisual.com/img/p/7/5/5/0/7550.gif,1746,exercise ball supine triceps extension,triceps
upper arms,ez barbell,https://gymvisual.com/img/p/7/5/5/1/7551.gif,1747,ez bar french press on exercise ball,triceps
upper arms,ez barbell,https://gymvisual.com/img/p/7/5/5/2/7552.gif,1748,ez bar lying close grip triceps extension behind head,triceps
back,ez barbell,https://gymvisual.com/img/p/6/6/0/8/6608.gif,1344,ez bar reverse grip bent over row,upper back
upper arms,ez barbell,https://gymvisual.com/img/p/7/2/9/5/7295.gif,1682,ez bar seated close grip concentration curl,biceps
upper arms,ez barbell,https://gymvisual.com/img/p/7/5/5/3/7553.gif,1749,ez bar standing french press,triceps
shoulders,ez barbell,https://gymvisual.com/img/p/1/8/3/1/1/18311.gif,445,ez barbell anti gravity press,delts
upper arms,ez barbell,https://gymvisual.com/img/p/1/2/2/3/3/12233.gif,1627,ez barbell close grip preacher curl,biceps
upper arms,ez barbell,https://gymvisual.com/img/p/8/9/3/0/8930.gif,447,ez barbell curl,biceps
upper arms,ez barbell,https://gymvisual.com/img/p/1/4/8/2/7/14827.gif,448,ez barbell decline close grip face press,triceps
upper arms,ez barbell,https://gymvisual.com/img/p/8/8/0/4/8804.gif,2186,ez barbell decline triceps extension,triceps
upper arms,ez barbell,https://gymvisual.com/img/p/5/1/9/0/5190.gif,449,ez barbell incline triceps extension,triceps
upper arms,ez barbell,https://gymvisual.com/img/p/5/1/9/1/5191.gif,450,ez barbell jm bench press,triceps
upper arms,ez barbell,https://gymvisual.com/img/p/1/1/6/5/8/11658.gif,451,ez barbell reverse grip curl,biceps
upper arms,ez barbell,https://gymvisual.com/img/p/2/4/9/8/0/24980.gif,452,ez barbell reverse grip preacher curl,biceps
upper arms,ez barbell,https://gymvisual.com/img/p/6/6/9/3/6693.gif,1458,ez barbell seated curls,biceps
upper arms,ez barbell,https://gymvisual.com/img/p/2/5/0/2/2/25022.gif,453,ez barbell seated triceps extension,triceps
upper arms,ez barbell,https://gymvisual.com/img/p/7/2/4/2/7242.gif,454,ez barbell spider curl,biceps
upper arms,ez barbell,https://gymvisual.com/img/p/7/2/4/2/7242.gif,1628,ez barbell spider curl,biceps
upper arms,ez barbell,https://gymvisual.com/img/p/1/0/4/7/1/10471.gif,2404,ez-bar biceps curl (with arm blaster),biceps
upper arms,ez barbell,https://gymvisual.com/img/p/1/1/6/0/0/11600.gif,2741,ez-barbell standing wide grip biceps curl,biceps
upper legs,dumbbell,https://gymvisual.com/img/p/1/9/1/6/4/19164.gif,2133,farmers walk,quads
lower arms,barbell,https://gymvisual.com/img/p/1/4/9/1/9/14919.gif,455,finger curls,forearms
waist,body weight,https://gymvisual.com/img/p/2/1/9/4/0/21940.gif,3303,flag,abs
waist,body weight,https://gymvisual.com/img/p/5/1/9/7/5197.gif,456,flexion leg sit up (bent knee),abs
waist,body weight,https://gymvisual.com/img/p/5/1/9/8/5198.gif,457,flexion leg sit up (straight arm),abs
chest,barbell,https://gymvisual.com/img/p/5/1/9/9/5199.gif,458,floor fly (with barbell),pectorals
upper legs,body weight,https://gymvisual.com/img/p/2/2/9/1/7/22917.gif,459,flutter kicks,glutes
upper legs,body weight,https://gymvisual.com/img/p/6/7/0/7/6707.gif,1472,forward jump,quads
upper legs,body weight,https://gymvisual.com/img/p/3/2/6/3/1/32631.gif,3470,forward lunge (male),glutes
upper legs,barbell,https://gymvisual.com/img/p/1/3/0/9/4/13094.gif,3194,frankenstein squat,glutes
waist,body weight,https://gymvisual.com/img/p/2/7/1/5/3/27153.gif,2429,frog crunch,abs
waist,body weight,https://gymvisual.com/img/p/1/3/1/5/0/13150.gif,3301,frog planche,abs
waist,body weight,https://gymvisual.com/img/p/1/3/2/3/5/13235.gif,3296,front lever,abs
back,body weight,https://gymvisual.com/img/p/1/3/2/3/5/13235.gif,3295,front lever reps,upper back
waist,body weight,https://gymvisual.com/img/p/5/2/0/4/5204.gif,464,front plank with twist,abs
waist,body weight,https://gymvisual.com/img/p/1/3/2/0/3/13203.gif,3315,full maltese,abs
waist,body weight,https://gymvisual.com/img/p/1/3/2/7/0/13270.gif,3299,full planche,abs
chest,body weight,https://gymvisual.com/img/p/1/3/2/7/0/13270.gif,3327,full planche push-up,pectorals
back,body weight,https://gymvisual.com/img/p/5/2/0/5/5205.gif,466,gironda sternum chin,lats
upper legs,body weight,https://gymvisual.com/img/p/1/4/1/5/7/14157.gif,3561,glute bridge march,glutes
upper legs,body weight,https://gymvisual.com/img/p/1/4/1/1/9/14119.gif,3523,glute bridge two legs on bench (male),glutes
waist,body weight,https://gymvisual.com/img/p/1/1/7/5/2/11752.gif,467,gorilla chin,abs
waist,body weight,https://gymvisual.com/img/p/1/4/9/3/2/14932.gif,469,groin crunch,abs
lower legs,sled machine,https://gymvisual.com/img/p/6/6/4/6/6646.gif,1383,hack calf raise,calves
lower legs,sled machine,https://gymvisual.com/img/p/6/6/4/7/6647.gif,1384,hack one leg calf raise,calves
cardio,body weight,https://gymvisual.com/img/p/1/2/9/6/4/12964.gif,3221,half knee bends (male),cardiovascular system
waist,body weight,https://gymvisual.com/img/p/1/2/9/2/6/12926.gif,3202,half sit-up (male),abs
upper legs,body weight,https://gymvisual.com/img/p/3/3/1/4/2/33142.gif,1511,hamstring stretch,hamstrings
chest,upper body ergometer,https://gymvisual.com/img/p/8/7/6/0/8760.gif,2139,hands bike,pectorals
upper legs,body weight,https://gymvisual.com/img/p/1/2/9/4/2/12942.gif,3218,hands clasped circular toe touch (male),glutes
upper legs,body weight,https://gymvisual.com/img/p/1/2/9/3/9/12939.gif,3215,hands reversed clasped circular toe touch (male),glutes
upper arms,body weight,https://gymvisual.com/img/p/2/9/3/0/7/29307.gif,3302,handstand,triceps
upper arms,body weight,https://gymvisual.com/img/p/2/4/3/4/2/24342.gif,471,handstand push-up,triceps
waist,body weight,https://gymvisual.com/img/p/1/0/7/2/4/10724.gif,1764,hanging leg hip raise,abs
waist,body weight,https://gymvisual.com/img/p/1/4/8/2/9/14829.gif,472,hanging leg raise,abs
waist,body weight,https://gymvisual.com/img/p/1/4/9/3/3/14933.gif,1761,hanging oblique knee raise,abs
waist,body weight,https://gymvisual.com/img/p/1/1/7/5/3/11753.gif,473,hanging pike,abs
waist,body weight,https://gymvisual.com/img/p/1/8/3/1/2/18312.gif,474,hanging straight leg hip raise,abs
waist,body weight,https://gymvisual.com/img/p/1/0/7/0/3/10703.gif,475,hanging straight leg raise,abs
waist,body weight,https://gymvisual.com/img/p/1/1/7/9/2/11792.gif,476,hanging straight twisting leg hip raise,abs
cardio,body weight,https://gymvisual.com/img/p/1/4/7/3/5/14735.gif,3636,high knee against wall,cardiovascular system
waist,body weight,https://gymvisual.com/img/p/1/1/7/5/4/11754.gif,484,hip raise (bent knee),abs
upper legs,body weight,https://gymvisual.com/img/p/6/6/7/9/6679.gif,1418,hug keens to chest,glutes
chest,dumbbell,https://gymvisual.com/img/p/1/6/8/4/9/16849.gif,3234,hyght dumbbell fly,pectorals
back,body weight,https://gymvisual.com/img/p/3/3/8/8/5/33885.gif,489,hyperextension,spine
back,body weight,https://gymvisual.com/img/p/5/2/2/7/5227.gif,488,hyperextension (on bench),spine
upper arms,body weight,https://gymvisual.com/img/p/1/3/1/3/8/13138.gif,3289,impossible dips,triceps
waist,body weight,https://gymvisual.com/img/p/1/5/1/4/8/15148.gif,1471,inchworm,abs
waist,body weight,https://gymvisual.com/img/p/1/1/7/9/3/11793.gif,491,incline leg hip raise (leg straight),abs
chest,body weight,https://gymvisual.com/img/p/5/2/3/1/5231.gif,492,incline push up depth jump,pectorals
chest,body weight,https://gymvisual.com/img/p/2/9/0/2/1/29021.gif,493,incline push-up,pectorals
chest,body weight,https://gymvisual.com/img/p/1/6/7/7/9/16779.gif,3785,incline push-up (on box),pectorals
upper legs,rope,https://gymvisual.com/img/p/2/1/5/5/8/21558.gif,1564,intermediate hip flexor and quad stretch,quads
upper legs,body weight,https://gymvisual.com/img/p/5/2/3/5/5235.gif,496,inverse leg curl (bench support),hamstrings
upper legs,body weight,https://gymvisual.com/img/p/1/0/4/4/9/10449.gif,2400,inverse leg curl (on pull-up cable machine),hamstrings
back,body weight,https://gymvisual.com/img/p/3/2/8/3/9/32839.gif,499,inverted row,upper back
back,body weight,https://gymvisual.com/img/p/9/7/9/6/9796.gif,2300,inverted row bent knees,upper back
back,body weight,https://gymvisual.com/img/p/9/7/9/4/9794.gif,2298,inverted row on bench,upper back
back,body weight,https://gymvisual.com/img/p/1/8/4/4/7/18447.gif,498,inverted row with straps,upper back
upper legs,body weight,https://gymvisual.com/img/p/1/3/1/2/8/13128.gif,1419,iron cross stretch,glutes
chest,body weight,https://gymvisual.com/img/p/6/5/6/4/6564.gif,1297,isometric chest squeeze,pectorals
chest,body weight,https://gymvisual.com/img/p/5/2/3/9/5239.gif,500,isometric wipers,pectorals
cardio,body weight,https://gymvisual.com/img/p/3/3/1/3/6/33136.gif,501,jack burpee,cardiovascular system
cardio,body weight,https://gymvisual.com/img/p/1/2/9/4/8/12948.gif,3224,jack jump (male),cardiovascular system
cardio,rope,https://gymvisual.com/img/p/2/2/9/8/7/22987.gif,2612,jump rope,cardiovascular system
upper legs,body weight,https://gymvisual.com/img/p/2/6/2/3/7/26237.gif,514,jump squat,glutes
waist,kettlebell,https://gymvisual.com/img/p/5/2/5/5/5255.gif,517,kettlebell advanced windmill,abs
lower arms,kettlebell,https://gymvisual.com/img/p/5/2/5/6/5256.gif,518,kettlebell alternating hang clean,forearms
shoulders,kettlebell,https://gymvisual.com/img/p/1/0/7/0/5/10705.gif,520,kettlebell alternating press,delts
chest,kettlebell,https://gymvisual.com/img/p/1/0/7/0/5/10705.gif,519,kettlebell alternating press on floor,pectorals
back,kettlebell,https://gymvisual.com/img/p/1/0/7/0/6/10706.gif,521,kettlebell alternating renegade row,upper back
back,kettlebell,https://gymvisual.com/img/p/5/2/6/0/5260.gif,522,kettlebell alternating row,upper back
shoulders,kettlebell,https://gymvisual.com/img/p/5/2/6/1/5261.gif,523,kettlebell arnold press,delts
waist,kettlebell,https://gymvisual.com/img/p/1/1/7/5/5/11755.gif,524,kettlebell bent press,abs
upper arms,kettlebell,https://gymvisual.com/img/p/5/2/6/3/5263.gif,525,kettlebell bottoms up clean from the hang position,biceps
upper arms,kettlebell,https://gymvisual.com/img/p/5/2/6/4/5264.gif,526,kettlebell double alternating hang clean,biceps
shoulders,kettlebell,https://gymvisual.com/img/p/5/2/6/5/5265.gif,527,kettlebell double jerk,delts
shoulders,kettlebell,https://gymvisual.com/img/p/1/0/7/0/7/10707.gif,528,kettlebell double push press,delts
shoulders,kettlebell,https://gymvisual.com/img/p/5/2/6/7/5267.gif,529,kettlebell double snatch,delts
waist,kettlebell,https://gymvisual.com/img/p/1/9/1/5/6/19156.gif,530,kettlebell double windmill,abs
shoulders,kettlebell,https://gymvisual.com/img/p/2/8/4/1/4/28414.gif,552,kettlebell two arm clean,delts
shoulders,kettlebell,https://gymvisual.com/img/p/5/2/9/1/5291.gif,553,kettlebell two arm military press,delts
back,body weight,https://gymvisual.com/img/p/6/6/1/9/6619.gif,1355,one arm against wall,lats
upper arms,body weight,https://gymvisual.com/img/p/5/3/7/4/5374.gif,639,one arm dip,triceps
waist,medicine ball,https://gymvisual.com/img/p/5/3/7/5/5375.gif,640,one arm slam (with medicine ball),abs
waist,body weight,https://gymvisual.com/img/p/1/2/5/3/7/12537.gif,3119,potty squat,abs
waist,body weight,https://gymvisual.com/img/p/1/4/6/6/9/14669.gif,3679,sit-up with arms on chest,abs
cardio,body weight,https://gymvisual.com/img/p/1/3/6/7/9/13679.gif,3361,skater hops,cardiovascular system
back,body weight,https://gymvisual.com/img/p/5/5/3/1/5531.gif,808,suspended row,upper back
upper arms,body weight,https://gymvisual.com/img/p/2/0/8/5/5/20855.gif,812,triceps dip (bench leg),triceps
